"id","name","sugar","calories","price","category","image","trade_mark","manufacturer","weight","count","unit_type","has_sweeteners","is_carbonated","has_caffeine"
"1743","Dunkin Donuts Coffee - Ground Decaf Dunkin","0.000",0.000,"7.69","Coffee","file:///home/dragiyski/projects/work/shoppingbehaviorlab/grocerysquare/public/images/products/t/fh66sphopv0p1p3.jpg","Dunkin Donuts","Dunkin' Brands Group, Inc.","12 oz",1,"packet",0,0,0
"1744","Dunkin Donuts Coffee - Ground Dunkin Dark","0.000",0.000,"7.69","Coffee","file:///home/dragiyski/projects/work/shoppingbehaviorlab/grocerysquare/public/images/products/h/1ijbwambs7y37p9.jpg","Dunkin Donuts","Dunkin' Brands Group, Inc.","11 oz",1,"packet",0,0,1
"1745","Dunkin Donuts Coffee - Ground Original Blend (Medium)","0.000",0.000,"7.69","Coffee","file:///home/dragiyski/projects/work/shoppingbehaviorlab/grocerysquare/public/images/products/f/be76h7azpw5ghaj.jpg","Dunkin Donuts","Dunkin' Brands Group, Inc.","12 oz",1,"packet",0,0,1
"1746","Eight OClock Coffee - Original Ground","0.000",0.000,"5.75","Coffee","file:///home/dragiyski/projects/work/shoppingbehaviorlab/grocerysquare/public/images/products/1/sgc3ae503d1wzug.jpg","Eight OClock","Eight O'Clock Coffee Company","12 oz",1,"packet",0,0,1
"1747","Eight OClock Coffee - Ground Coffee - 100% Columbian","0.000",0.000,"5.75","Coffee","file:///home/dragiyski/projects/work/shoppingbehaviorlab/grocerysquare/public/images/products/w/guh4g8ls3pstweb.jpg","Eight OClock","Eight O'Clock Coffee Company","11 oz",1,"packet",0,0,1
"1757","Starbucks Coffee - Bold Ground Caffe Verona","0.000",0.000,"8.99","Coffee","file:///home/dragiyski/projects/work/shoppingbehaviorlab/grocerysquare/public/images/products/m/eu320ivw53smgkx.jpg","Starbucks","Starbucks","12 oz",1,"packet",0,0,1
"1758","Starbucks Coffee - Bold Ground Espresso Roast","0.000",0.000,"8.99","Coffee","file:///home/dragiyski/projects/work/shoppingbehaviorlab/grocerysquare/public/images/products/6/v1238dx056dsbs9.jpg","Starbucks","Starbucks","12 oz",1,"packet",0,0,1
"1759","Starbucks Coffee - Ground Decaf Caffe Verona","0.000",0.000,"9.49","Coffee","file:///home/dragiyski/projects/work/shoppingbehaviorlab/grocerysquare/public/images/products/t/m45f2dztigzbtjp.jpg","Starbucks","Starbucks","12 oz",1,"packet",0,0,0
"1772","Eight OClock Coffee - 100% Columbian Whole Bean","0.000",0.000,"5.75","Coffee","file:///home/dragiyski/projects/work/shoppingbehaviorlab/grocerysquare/public/images/products/0/1npw877jtf1kw3u.jpg","Eight Oclock","Eight O'Clock Coffee Company","11 oz",1,"packet",0,0,1
"1773","Eight OClock Coffee - Decaffeinated Whole Bean Original","0.000",0.000,"6.49","Coffee","file:///home/dragiyski/projects/work/shoppingbehaviorlab/grocerysquare/public/images/products/z/hqfjkxdhc9oxgtg.jpg","Eight OClock","Eight O'Clock Coffee Company","12 oz",1,"packet",0,0,0
"1800","Glaceau Vitamin Water - Lemonade","0.000",0.000,"1.59","Energy Drinks","file:///home/dragiyski/projects/work/shoppingbehaviorlab/grocerysquare/public/images/products/u/qt7m508kdzrzx42.jpg","Glaceau","Coca Cola","20 oz",1,"bottle",1,0,1
"1801","Glaceau Vitamin Water - Grape-Rasberry","0.000",0.000,"1.59","Energy Drinks","file:///home/dragiyski/projects/work/shoppingbehaviorlab/grocerysquare/public/images/products/s/g2bbqshma3vodap.jpg","Glaceau","Coca Cola","20 oz",1,"bottle",1,0,1
"1802","Glaceau Vitamin Water - Blueberry-Pomegranate","0.000",0.000,"1.59","Energy Drinks","file:///home/dragiyski/projects/work/shoppingbehaviorlab/grocerysquare/public/images/products/7/uhv9brzx9xvqv3k.jpg","Glaceau","Coca Cola","20 oz",1,"bottle",1,0,1
"1814","Arizona Ginseng Tea","0.000",0.000,"3.19","Iced Tea","file:///home/dragiyski/projects/work/shoppingbehaviorlab/grocerysquare/public/images/products/a/pj9gq0myan74kiq.jpg","Arizona","Arizona Beverages USA","128 oz",1,"jug",1,0,1
"1822","Lipton Diet Iced Tea with Citrus","0.000",0.000,"1.49","Iced Tea","file:///home/dragiyski/projects/work/shoppingbehaviorlab/grocerysquare/public/images/products/1/ixfh71mtax0yi0c.jpg","Lipton","Pepsi Co.","20 oz",1,"bottle",1,0,1
"1823","Lipton Diet Iced Tea with Citrus 8 pack","0.000",0.000,"7.99","Iced Tea","file:///home/dragiyski/projects/work/shoppingbehaviorlab/grocerysquare/public/images/products/m/kenrdrf8lhe0jhv.jpg","Lipton","Pepsi Co.","160 oz",8,"bottles",1,0,1
"1872","Cherry Coca Cola Zero 12 oz - 12 pack","0.000",0.000,"6.19","Soda","file:///home/dragiyski/projects/work/shoppingbehaviorlab/grocerysquare/public/images/products/7/fzjrt28g7hpyg99.jpg","Coca Cola","Coca Cola","144 oz",12,"can",1,1,1
"1876","Coke Zero 12 oz - 12 pack","0.000",0.000,"6.19","Soda","file:///home/dragiyski/projects/work/shoppingbehaviorlab/grocerysquare/public/images/products/8/igwkx1rxkho1gqw.jpg","Coca Cola","Coca Cola","144 oz",12,"can",1,1,1
"1877","Coke Zero 2 Liter","0.000",0.000,"2.19","Soda","file:///home/dragiyski/projects/work/shoppingbehaviorlab/grocerysquare/public/images/products/n/1mbzl46xlgn7qp6.jpg","Coca Cola","Coca Cola","67.6 oz",1,"bottle",1,1,1
"1879","Diet Coke 12 oz - 12 pack","0.000",0.000,"6.19","Soda","file:///home/dragiyski/projects/work/shoppingbehaviorlab/grocerysquare/public/images/products/p/fqjr6jk4oo5xop4.jpg","Coca Cola","Coca Cola","144 oz",12,"can",1,1,1
"1880","Diet Pepsi 2 Liter","0.000",0.000,"1.89","Soda","file:///home/dragiyski/projects/work/shoppingbehaviorlab/grocerysquare/public/images/products/b/0dfibrlz7iox47b.jpg","Pepsi","Pepsi Co.","67.6 oz",1,"bottle",1,1,1
"1881","Diet Wild Cherry Pepsi 2 Liter","0.000",0.000,"1.89","Soda","file:///home/dragiyski/projects/work/shoppingbehaviorlab/grocerysquare/public/images/products/j/q0o9wb719kv8qis.jpg","Pepsi","Pepsi Co.","67.6 oz",1,"bottle",1,1,1
"1883","Diet Dr. Pepper 12 oz - 12 pk","0.000",0.000,"6.19","Soda","file:///home/dragiyski/projects/work/shoppingbehaviorlab/grocerysquare/public/images/products/s/ptdkbqpa8pcpzsb.jpg","Dr. Pepper","Coca Cola","144 oz",12,"can",1,1,1
"1885","Diet Dr. Pepper Caffine Free - 12 oz / 12 pack","0.000",0.000,"6.19","Soda","file:///home/dragiyski/projects/work/shoppingbehaviorlab/grocerysquare/public/images/products/q/y4pan4mm5vzwduu.jpg","Dr. Pepper","Coca Cola","144 oz",12,"can",1,1,0
"1886","Diet Dr. Pepper -2 Liter","0.000",0.000,"1.89","Soda","file:///home/dragiyski/projects/work/shoppingbehaviorlab/grocerysquare/public/images/products/x/p0v0j9w48u6y71u.jpg","Dr. Pepper","Coca Cola","67.6 oz",1,"bottle",1,1,1
"1898","Pepsi Caffine Free 2 Liter","0.000",0.000,"1.89","Soda","file:///home/dragiyski/projects/work/shoppingbehaviorlab/grocerysquare/public/images/products/3/5aaeq90pc8wfay6.jpg","Pepsi","Pepsi Co.","67.6 oz",1,"bottle",1,1,0
"1901","Pepsi Diet Caffine Free 12 oz - 12 pack","0.000",0.000,"6.19","Soda","file:///home/dragiyski/projects/work/shoppingbehaviorlab/grocerysquare/public/images/products/5/xced5fpcuf8f16n.jpg","Pepsi","Pepsi Co.","144 oz",12,"can",1,1,0
"1902","Pepsi Diet Cherry 12 oz - 12 pack","0.000",0.000,"6.19","Soda","file:///home/dragiyski/projects/work/shoppingbehaviorlab/grocerysquare/public/images/products/j/nmjjkbramp5v24w.jpg","Pepsi","Pepsi Co.","144 oz",12,"can",1,1,1
"1903","Pepsi Diet Cherry 2 L","0.000",0.000,"1.89","Soda","file:///home/dragiyski/projects/work/shoppingbehaviorlab/grocerysquare/public/images/products/q/woza87a2l98jikj.jpg","Pepsi","Pepsi Co.","67.6 oz",1,"bottle",1,1,1
"1917","Schweppes Diet Ginger Ale - 2 Liter","0.000",0.000,"1.89","Soda","file:///home/dragiyski/projects/work/shoppingbehaviorlab/grocerysquare/public/images/products/o/yh4ds4zgphgd1gf.jpg","Schweppes","Coca Cola","67.6 oz",1,"bottle",1,1,0
"1922","7 UP Diet Lemon Lime Soda - 2 Liter","0.000",0.000,"1.99","Soda","file:///home/dragiyski/projects/work/shoppingbehaviorlab/grocerysquare/public/images/products/z/t3kti2vuw5trzdi.jpg","7 UP","Pepsi Co.","67.5 oz",1,"bottle",1,1,0
"1930","Sprite Zero 12 oz - 12 pack","0.000",0.000,"6.19","Soda","file:///home/dragiyski/projects/work/shoppingbehaviorlab/grocerysquare/public/images/products/t/fv11z66ou27umw5.jpg","Sprite","Coca Cola","144 oz",12,"can",1,1,0
"1931","Sprite Zero 2 Liter","0.000",0.000,"2.19","Soda","file:///home/dragiyski/projects/work/shoppingbehaviorlab/grocerysquare/public/images/products/q/5ywbpi4wnw4fwl8.jpg","Sprite","Coca Cola","67.5 oz",1,"bottle",1,1,0
"1936","Fanta Zero Orange Soda - 2 Liter","0.000",0.000,"2.19","Soda","file:///home/dragiyski/projects/work/shoppingbehaviorlab/grocerysquare/public/images/products/0/qe4jhdt7malq7lb.jpg","Fanta","Coca Cola","67.6 oz",1,"bottle",1,1,0
"1939","Fanta Orange Diet Soda - 12 oz / 12 pack","0.000",0.000,"6.19","Soda","file:///home/dragiyski/projects/work/shoppingbehaviorlab/grocerysquare/public/images/products/g/f9kavfbupu7e5n6.jpg","Fanta","Coca Cola","144 oz",12,"can",1,1,0
"1956","Bigelow Cinnamon Stick 20 teabags","0.000",0.000,"3.29","Tea","file:///home/dragiyski/projects/work/shoppingbehaviorlab/grocerysquare/public/images/products/b/xkkx7rh3rsxovz4.jpg","Bigelow","Bigelow Tea Company","20 count",20,"bags",0,0,0
"1957","Bigelow Constant Comment - 20 teabags","0.000",0.000,"3.29","Tea","file:///home/dragiyski/projects/work/shoppingbehaviorlab/grocerysquare/public/images/products/7/lnj4nld9zyl7rvr.jpg","Bigelow","Bigelow Tea Company","20 count",20,"bags",0,0,0
"1958","Bigelow Spiced Chai - 20 teabogs","0.000",0.000,"3.29","Tea","file:///home/dragiyski/projects/work/shoppingbehaviorlab/grocerysquare/public/images/products/s/en1buttk8zqqyjd.jpg","Bigelow","Bigelow Tea Company","20 count",20,"bags",0,0,0
"1959","Bigelow - Plantation Mint - 20 teabags","0.000",0.000,"3.29","Tea","file:///home/dragiyski/projects/work/shoppingbehaviorlab/grocerysquare/public/images/products/5/rahozt9nidqp6q6.jpg","Bigelow","Bigelow Tea Company","20 count",20,"bags",0,0,0
"1961","Bigelow - Earl Grey","0.000",0.000,"3.29","Tea","file:///home/dragiyski/projects/work/shoppingbehaviorlab/grocerysquare/public/images/products/s/4p1u0qqyukyf04p.jpg","Bigelow","Bigelow Tea Company","20 count",20,"bags",0,0,1
"1962","Bigelow - English Breakfast","0.000",0.000,"3.29","Tea","file:///home/dragiyski/projects/work/shoppingbehaviorlab/grocerysquare/public/images/products/a/ow3xnrddker1eh9.jpg","Bigelow","Bigelow Tea Company","20 count",20,"bags",0,0,1
"1963","Twinings - English Breakfast","0.000",0.000,"3.49","Tea","file:///home/dragiyski/projects/work/shoppingbehaviorlab/grocerysquare/public/images/products/d/icxpa347rbntieo.jpg","Twinings","Associated British Foods","20 count",20,"bags",0,0,1
"1969","Bigelow - Green Tea - 20 count","0.000",0.000,"3.29","Tea","file:///home/dragiyski/projects/work/shoppingbehaviorlab/grocerysquare/public/images/products/q/1t68kkjsnuhajup.jpg","Bigelow","Bigelow Tea Company","20 count",20,"bags",0,0,1
"1970","Bigelow - Organic Green Tea - 20 count","0.000",0.000,"5.39","Tea","file:///home/dragiyski/projects/work/shoppingbehaviorlab/grocerysquare/public/images/products/3/6wf65gbyt5olqb1.jpg","Bigelow","Bigelow Tea Company","20 count",20,"bags",0,0,1
"1974","Bigelow Cozy Chamomile - 20 count","0.000",0.000,"3.29","Tea","file:///home/dragiyski/projects/work/shoppingbehaviorlab/grocerysquare/public/images/products/z/ykl7os5kao86q41.jpg","Bigelow","Bigelow Tea Company","20 count",20,"bags",0,0,0
"1975","Bigelow Peppermint - 20 count","0.000",0.000,"3.29","Tea","file:///home/dragiyski/projects/work/shoppingbehaviorlab/grocerysquare/public/images/products/j/tqwivdoau9vrsf4.jpg","Bigelow","Bigelow Tea Company","20 count",20,"bags",0,0,0
"1981","Lipton Tea Bags - 48 count","0.000",0.000,"2.85","Tea","file:///home/dragiyski/projects/work/shoppingbehaviorlab/grocerysquare/public/images/products/q/ifu6ch14pn6ljbd.jpg","Lipton","Pepsi Co.","48 count",48,"bags",0,0,1
"1982","Lipton Decaf Tea Bags - 48 count","0.000",0.000,"3.69","Tea","file:///home/dragiyski/projects/work/shoppingbehaviorlab/grocerysquare/public/images/products/4/gfjdtnsukanvhde.jpg","Lipton","Pepsi Co.","48 count",48,"bags",0,0,0
"1984","Aquafina 12 pack - 16.9 oz each","0.000",0.000,"4.69","Water","file:///home/dragiyski/projects/work/shoppingbehaviorlab/grocerysquare/public/images/products/q/w9rjxys5cbswm9m.jpg","Aquafina","Pepsi Co.","192 oz",12,"bottles",0,0,0
"1985","Aquafina Strawberry Kiwi - 6 pack / 16.9 oz each","0.000",0.000,"3.69","Water","file:///home/dragiyski/projects/work/shoppingbehaviorlab/grocerysquare/public/images/products/u/jongrwnxvcqfgnk.jpg","Aquafina","Pepsi Co.","101.4 oz",6,"bottles",1,0,0
"1987","Crystal Springs - 24 pack - 1/2 liter each","0.000",0.000,"4.69","Water","file:///home/dragiyski/projects/work/shoppingbehaviorlab/grocerysquare/public/images/products/a/to7dfuo9tl479h4.jpg","Crystal Springs","Springwater Begerages PTY Ltd.","202.8 oz",24,"bottles",0,0,0
"1991","Evian 6 pack - 1/2 Liter each","0.000",0.000,"6.99","Water","file:///home/dragiyski/projects/work/shoppingbehaviorlab/grocerysquare/public/images/products/q/sdmov78v4ugwfyt.jpg","Evian","Danone","101.4 oz",6,"bottles",0,0,0
"1992","Evian 1.5 Liter Bottle","0.000",0.000,"2.65","Water","file:///home/dragiyski/projects/work/shoppingbehaviorlab/grocerysquare/public/images/products/v/aw0sswjlnjx1mji.jpg","Evian","Danone","50.7 oz",1,"bottle",0,0,0
"1777","Starbucks Coffee - Whole Bean House Medium","0.000",1.000,"8.99","Coffee","file:///home/dragiyski/projects/work/shoppingbehaviorlab/grocerysquare/public/images/products/2/hsqjlsivryyeoev.jpg","Starbucks","Starbucks","12 oz",1,"packet",0,0,1
"1778","Starbucks Coffee - Whole Bean French Roast Extra Bold","0.000",1.000,"8.99","Coffee","file:///home/dragiyski/projects/work/shoppingbehaviorlab/grocerysquare/public/images/products/u/x43gfnt6eam1w8d.jpg","Starbucks","Starbucks","12 oz",1,"packet",0,0,1
"1805","Red Bull Sugar Free","0.000",5.000,"2.19","Energy Drinks","file:///home/dragiyski/projects/work/shoppingbehaviorlab/grocerysquare/public/images/products/a/bjhybh4dmn8oaq0.jpg","Red Bull","Pepsi Co.","8.3 oz",1,"can",1,1,1
"1807","Red Bull Sugar Free 12 oz","0.000",5.000,"2.89","Energy Drinks","file:///home/dragiyski/projects/work/shoppingbehaviorlab/grocerysquare/public/images/products/6/fswsabzvorutkoh.jpg","Red Bull","Pepsi Co.","12 oz",1,"can",1,1,1
"1875","Diet Coke 2 Liter","0.100",9.000,"2.19","Soda","file:///home/dragiyski/projects/work/shoppingbehaviorlab/grocerysquare/public/images/products/9/v15qk08fk8rlz8y.jpg","Coca Cola","Coca Cola","67.6 oz",1,"bottle",1,1,1
"1771","Dunkin Donuts Coffee - Whole Bean - Original Blend","0.000",10.000,"7.69","Coffee","file:///home/dragiyski/projects/work/shoppingbehaviorlab/grocerysquare/public/images/products/i/tjvyrce67fk83ct.jpg","Dunkin Donuts","Dunkin' Brands Group, Inc.","12 oz",1,"packet",0,0,1
"1803","Monster Energy Drink - Low Carb","3.000",25.000,"2.19","Energy Drinks","file:///home/dragiyski/projects/work/shoppingbehaviorlab/grocerysquare/public/images/products/n/gux0slle1dhs61q.jpg","Monster","Monster Beverage Corporation","16 oz",1,"can",1,1,1
"1812","Arizona Arnold Palmer Drink","13.000",50.000,"3.19","Iced Tea","file:///home/dragiyski/projects/work/shoppingbehaviorlab/grocerysquare/public/images/products/8/5jm03drm1kig39c.jpg","Arizona","Arizona Beverages USA","128 oz",1,"jug",0,0,0
"1830","Capri Sun - Grape (6 oz each)","16.000",50.000,"2.99","Boxed Drinks","file:///home/dragiyski/projects/work/shoppingbehaviorlab/grocerysquare/public/images/products/j/s9znhb0esw81f5q.jpg","Capri Sun","Coca Cola","60 oz",10,"bags",0,0,0
"1864","Sunny D - Orange flavored Citrus Punch","20.000",50.000,"1.89","Juice","file:///home/dragiyski/projects/work/shoppingbehaviorlab/grocerysquare/public/images/products/x/3bus63kbxci2tdh.jpg","Sunny D","Sunny Delight Beverages Co.","64 oz",1,"jug",0,0,0
"606","Sunny D Citrus Punch","14.000",50.000,"3.29","Juice","file:///home/dragiyski/projects/work/shoppingbehaviorlab/grocerysquare/public/images/products/y/b3r6sdngtl97709.jpg","Sunny D","Sunny Delight Beverages Co.","1 gal",1,"jug",0,0,0
"607","Sunny D Citrus Punch w/ Pineapple","14.000",60.000,"3.29","Juice","file:///home/dragiyski/projects/work/shoppingbehaviorlab/grocerysquare/public/images/products/3/ywy569sp5pjyj9t.jpg","Sunny D","Sunny Delight Beverages Co.","1 gal",1,"jug",0,0,0
"608","Sunny D Citrus Punch w/ Strawberry","14.000",60.000,"3.29","Juice","file:///home/dragiyski/projects/work/shoppingbehaviorlab/grocerysquare/public/images/products/e/unqb0kak8nyjsh3.jpg","Sunny D","Sunny Delight Beverages Co.","1 gal",1,"jug",0,0,0
"1813","Arizona Green Tea","17.000",70.000,"0.99","Iced Tea","file:///home/dragiyski/projects/work/shoppingbehaviorlab/grocerysquare/public/images/products/h/ffc7uqtk1q8e9hb.jpg","Arizona","Arizona Beverages USA","23 oz",1,"can",0,0,1
"1829","Capri Sun - Fruit Punch (6 oz each)","20.000",80.000,"2.99","Boxed Drinks","file:///home/dragiyski/projects/work/shoppingbehaviorlab/grocerysquare/public/images/products/n/01cf4fu95f7z8px.jpg","Capri Sun","Coca Cola","60 oz",10,"bags",0,0,0
"1831","Capri Sun - 100% Apple (6 oz each)","20.000",80.000,"4.29","Boxed Drinks","file:///home/dragiyski/projects/work/shoppingbehaviorlab/grocerysquare/public/images/products/y/wmmk4cjf3nnwm1x.jpg","Capri Sun","Coca Cola","60 oz",10,"bags",0,0,0
"1915","Schweppes Ginger Ale 2 Liter","21.000",90.000,"1.89","Soda","file:///home/dragiyski/projects/work/shoppingbehaviorlab/grocerysquare/public/images/products/w/opzccby7lvrq9sa.jpg","Schweppes","Coca Cola","67.6 oz",1,"bottle",1,1,0
"1821","Lipton Iced Tea with Citrus","13.000",100.000,"1.49","Iced Tea","file:///home/dragiyski/projects/work/shoppingbehaviorlab/grocerysquare/public/images/products/a/9jsrter9rehhnsw.jpg","Lipton","Pepsi Co.","20 oz",1,"bottle",0,0,1
"1824","Lipton Iced Tea with Citrus 8 pack","13.000",100.000,"7.99","Iced Tea","file:///home/dragiyski/projects/work/shoppingbehaviorlab/grocerysquare/public/images/products/s/88cn08jora69xnu.jpg","Lipton","Pepsi Co.","160 oz",8,"bottles",0,0,1
"1921","7 UP Lemon Lime Soda - 2 Liter","25.000",100.000,"1.99","Soda","file:///home/dragiyski/projects/work/shoppingbehaviorlab/grocerysquare/public/images/products/l/n7iz2wdw0eejyjg.jpg","7 UP","Pepsi Co.","67.5 oz",1,"bottle",1,1,0
"1804","Red Bull w/ Taurine","27.000",110.000,"2.19","Energy Drinks","file:///home/dragiyski/projects/work/shoppingbehaviorlab/grocerysquare/public/images/products/e/lyx8on3ez7t0xn2.jpg","Red Bull","Pepsi Co.","8.3 oz",1,"can",0,1,1
"1806","Red Bull 12 oz","27.000",110.000,"2.89","Energy Drinks","file:///home/dragiyski/projects/work/shoppingbehaviorlab/grocerysquare/public/images/products/n/ie9flmea1dhbbit.jpg","Red Bull","Pepsi Co.","12 oz",1,"can",0,1,1
"592","Tropicana Orange Juice - No Pulp","22.000",110.000,"5.29","Juice","file:///home/dragiyski/projects/work/shoppingbehaviorlab/grocerysquare/public/images/products/l/92sjc0zuqha0x24.jpg","Tropicana","Pepsi Co.","1 gal",1,"jug",0,0,0
"593","Tropicana Orange Juice - Lots of Pulp","22.000",110.000,"5.29","Juice","file:///home/dragiyski/projects/work/shoppingbehaviorlab/grocerysquare/public/images/products/7/c6ppvd8p3dp5jyd.jpg","Tropicana","Pepsi Co.","1 gal",1,"jug",0,0,0
"594","Tropicana Orange Juice - No Pulp","22.000",110.000,"3.49","Juice","file:///home/dragiyski/projects/work/shoppingbehaviorlab/grocerysquare/public/images/products/c/p7cd144zie4qqi3.jpg","Tropicana","Pepsi Co.","0.5 gal",1,"carton",0,0,0
"595","Tropicana Orange Juice - Lots of Pulp","22.000",110.000,"3.49","Juice","file:///home/dragiyski/projects/work/shoppingbehaviorlab/grocerysquare/public/images/products/a/viyni6rtudk093m.jpg","Tropicana","Pepsi Co.","0.5 gal",1,"carton",0,0,0
"597","Tropicana Tropical Punch","25.000",110.000,"3.49","Juice","file:///home/dragiyski/projects/work/shoppingbehaviorlab/grocerysquare/public/images/products/y/amvjcfs2rny716r.jpg","Tropicana","Pepsi Co.","0.5 gal",1,"carton",0,0,0
"1937","Fanta Orange Soda - 2 Liter","0.000",111.000,"2.19","Soda","file:///home/dragiyski/projects/work/shoppingbehaviorlab/grocerysquare/public/images/products/x/3b4sbks07db8eud.jpg","Fanta","Coca Cola","67.6 oz",1,"bottle",1,1,0
"1797","Amp Berry Blast Energy Drink","15.000",120.000,"2.29","Energy Drinks","file:///home/dragiyski/projects/work/shoppingbehaviorlab/grocerysquare/public/images/products/p/ryzi5lnpqz8c0wp.jpg","Amp","Pepsi Co.","16 oz",1,"can",0,1,1
"1859","Tropicana Lemonade (1/2 gal)","28.000",120.000,"1.79","Juice","file:///home/dragiyski/projects/work/shoppingbehaviorlab/grocerysquare/public/images/products/i/3cx9888ign2asg0.jpg","Tropicana","Pepsi Co.","64 oz",1,"carton",0,0,0
"1916","Schweppes Ginger Ale 12 oz - 12 pack","32.000",120.000,"6.19","Soda","file:///home/dragiyski/projects/work/shoppingbehaviorlab/grocerysquare/public/images/products/3/5va351w9to890mr.jpg","Schweppes","Coca Cola","144 oz",12,"can",1,1,0
"600","Dole Orange Juice - No Pulp","23.000",120.000,"3.19","Juice","file:///home/dragiyski/projects/work/shoppingbehaviorlab/grocerysquare/public/images/products/7/p390i7zstln0197.jpg","Dole","Dole Food Company, Inc.","0.5 gal",1,"carton",0,0,0
"601","Dole Orange Juice - Some Pulp","23.000",120.000,"3.19","Juice","file:///home/dragiyski/projects/work/shoppingbehaviorlab/grocerysquare/public/images/products/1/nm7oi0jp2zcewmo.jpg","Dole","Dole Food Company, Inc.","0.5 gal",1,"carton",0,0,0
"602","Dole Juice - Orange Peach Mango","27.000",120.000,"3.19","Juice","file:///home/dragiyski/projects/work/shoppingbehaviorlab/grocerysquare/public/images/products/h/br3yoz9kh78oow9.jpg","Dole","Dole Food Company, Inc.","0.5 gal",1,"carton",0,0,0
"603","Dole Juice - Orange Strawberry Banana","24.000",120.000,"3.19","Juice","file:///home/dragiyski/projects/work/shoppingbehaviorlab/grocerysquare/public/images/products/1/oypf5g7mr8b9qtp.jpg","Dole","Dole Food Company, Inc.","0.5 gal",1,"carton",0,0,0
"604","Dole Juice - Pineapple Orange Banana","25.000",120.000,"3.19","Juice","file:///home/dragiyski/projects/work/shoppingbehaviorlab/grocerysquare/public/images/products/y/qjwqaoqjs4vjreh.jpg","Dole","Dole Food Company, Inc.","0.5 gal",1,"carton",0,0,0
"605","Dole Juice - Pineapple Orange","26.000",120.000,"3.19","Juice","file:///home/dragiyski/projects/work/shoppingbehaviorlab/grocerysquare/public/images/products/r/u13z2vf22f6sun9.jpg","Dole","Dole Food Company, Inc.","0.5 gal",1,"carton",0,0,0
"1798","Amp Grape Energy Drink","0.000",130.000,"2.29","Energy Drinks","file:///home/dragiyski/projects/work/shoppingbehaviorlab/grocerysquare/public/images/products/6/bh1va67htkknrll.jpg","Amp","Pepsi Co.","16 oz",1,"can",1,1,1
"1799","Amp Lemonade Energy Drink","0.000",130.000,"2.29","Energy Drinks","file:///home/dragiyski/projects/work/shoppingbehaviorlab/grocerysquare/public/images/products/8/s7365fsi2hjq5oq.jpg","Amp","Pepsi Co.","16 oz",1,"can",1,1,1
"596","Tropicana Peach Orchard Punch","30.000",130.000,"3.49","Juice","file:///home/dragiyski/projects/work/shoppingbehaviorlab/grocerysquare/public/images/products/3/r4hkjag6w80yos6.jpg","Tropicana","Pepsi Co.","0.5 gal",1,"carton",0,0,0
"1723","Starbucks Coffee Drink - Doubleshot Espresso & Cream (4 pk of 6.","17.000",140.000,"7.69","Coffee","file:///home/dragiyski/projects/work/shoppingbehaviorlab/grocerysquare/public/images/products/0/tgrixcqic3531o4.jpg","Starbucks","Starbucks","26 oz",4,"bottles",0,0,1
"1873","Coca cola Caffine Free 12 oz - 12 pack","0.000",140.000,"6.19","Soda","file:///home/dragiyski/projects/work/shoppingbehaviorlab/grocerysquare/public/images/products/a/4811pbglh77ugt2.jpg","Coca Cola","Coca Cola","144 oz",12,"can",1,1,0
"1874","Coca cola 2 Liter","27.000",140.000,"2.19","Soda","file:///home/dragiyski/projects/work/shoppingbehaviorlab/grocerysquare/public/images/products/s/hmhqrljspvo83qf.jpg","Coca Cola","Coca Cola","67.6 oz",1,"bottle",1,1,1
"1878","Coca Cola Classic 12 oz -12 pack","39.000",140.000,"6.19","Soda","file:///home/dragiyski/projects/work/shoppingbehaviorlab/grocerysquare/public/images/products/x/pd3tkzsx8evi047.jpg","Coca Cola","Coca Cola","144 oz",12,"can",1,1,1
"1923","7 UP Diet Lemon Lime 12 oz - 12 pack","38.000",140.000,"6.19","Soda","file:///home/dragiyski/projects/work/shoppingbehaviorlab/grocerysquare/public/images/products/3/ngsfgqzppg6d92e.jpg","7 UP","Pepsi Co.","144 oz",12,"can",1,1,0
"1929","Sprite 12 oz - 12 pack","38.000",140.000,"6.19","Soda","file:///home/dragiyski/projects/work/shoppingbehaviorlab/grocerysquare/public/images/products/p/rrdl3kqvlxprw52.jpg","Sprite","Coca Cola","144 oz",12,"can",1,1,0
"1871","Cherry Coca Cola 12 oz - 12 pack","42.000",150.000,"6.19","Soda","file:///home/dragiyski/projects/work/shoppingbehaviorlab/grocerysquare/public/images/products/i/ffb72hlxx0mmdwr.jpg","Coca Cola","Coca Cola","144 oz",12,"can",0,1,1
"1884","Diet Dr. Pepper Caffine Free - 2 Liter","0.000",150.000,"1.89","Soda","file:///home/dragiyski/projects/work/shoppingbehaviorlab/grocerysquare/public/images/products/s/81fuiknpnju0r9c.jpg","Dr. Pepper","Coca Cola","67.6 oz",1,"bottle",1,1,0
"1897","Pepsi 2 Liter","28.000",150.000,"1.89","Soda","file:///home/dragiyski/projects/work/shoppingbehaviorlab/grocerysquare/public/images/products/s/rcf2m3rrs2abden.jpg","Pepsi","Pepsi Co.","67.6 oz",1,"bottle",1,1,1
"1899","Pepsi 12 oz - 12 pack","41.000",150.000,"6.19","Soda","file:///home/dragiyski/projects/work/shoppingbehaviorlab/grocerysquare/public/images/products/p/99r5ffzejbbcumw.jpg","Pepsi","Pepsi Co.","144 oz",12,"can",1,1,1
"1900","Pepsi Caffine Free 12 oz - 12 pack","41.000",150.000,"6.19","Soda","file:///home/dragiyski/projects/work/shoppingbehaviorlab/grocerysquare/public/images/products/g/41hdkymhy0h9nla.jpg","Pepsi","Pepsi Co.","144 oz",12,"can",1,1,0
"1904","Pepsi Wild Cherry 12 oz - 12 pack","42.000",160.000,"6.19","Soda","file:///home/dragiyski/projects/work/shoppingbehaviorlab/grocerysquare/public/images/products/0/foxfl2w6e1l6enk.jpg","Pepsi","Pepsi Co.","144 oz",12,"can",1,1,1
"1938","Fanta Orange Soda - 12 oz / 12 pack","44.000",160.000,"6.19","Soda","file:///home/dragiyski/projects/work/shoppingbehaviorlab/grocerysquare/public/images/products/p/82x1g1go1jo3n90.jpg","Fanta","Coca Cola","144 oz",12,"can",1,1,0
"1722","Starbucks Coffee Drink - Frappuccino (4 pack - 9.5 oz bottles)","31.000",180.000,"3.99","Coffee","file:///home/dragiyski/projects/work/shoppingbehaviorlab/grocerysquare/public/images/products/c/bxl4imhsoqm183b.jpg","Starbucks","Starbucks","38 oz",4,"bottles",0,0,1
