"name_0","price_1","weight_2","created_at_3","deleted_at_4","calories_value_5","calories_percent_6","fat_value_7","fat_percent_8","saturated_fat_value_9","saturated_fat_percent_10","sugar_value_11","sugar_percent_12","salt_value_13","salt_percent_14","serving_size_value_15","id_16","category_id_17","calories_unit_id_18","fat_unit_id_19","saturated_fat_unit_id_20","sugar_unit_id_21","salt_unit_id_22","serving_size_unit_id_23","category_name_24","location_25"
"4C Drink Mix - Fruit Punch","5.15","36 oz","2017-08-01 08:17:11",NULL,"60.000",NULL,"0.000",NULL,"0.000",NULL,"15.000",NULL,"0.010",NULL,"1.000","1779","57","3","1","1","1","1","12","Drink Mixes","images/products/6/suqjyq2q66i083f.jpg"
"4C Drink Mix - Lemonade","5.15","36 oz","2017-08-01 08:17:11",NULL,"60.000",NULL,"0.000",NULL,"0.000",NULL,"15.000",NULL,"0.010",NULL,"1.000","1780","57","3","1","1","1","1","12","Drink Mixes","images/products/a/6n0fezgcnu01wrt.jpg"
"4C Light Green Tea Mix","4.99","13.9 oz","2017-08-01 08:17:11",NULL,"15.000",NULL,"0.000",NULL,"0.000",NULL,"0.000",NULL,"0.000",NULL,"2.000","1811","60","3","1","1","1","1","12","Iced Tea","images/products/n/bld98r5vyaijr3m.jpg"
"7 UP Diet Lemon Lime 12 oz - 12 pack","6.19","144 oz","2017-08-01 08:17:11",NULL,"140.000",NULL,"0.000",NULL,"0.000",NULL,"38.000",NULL,"0.045",NULL,"12.000","1923","64","3","1","1","1","1","25","Soda","images/products/3/ngsfgqzppg6d92e.jpg"
"7 UP Diet Lemon Lime Soda - 2 Liter","1.99","67.5 oz","2017-08-01 08:17:11",NULL,"0.000",NULL,"0.000",NULL,"0.000",NULL,"0.000",NULL,"0.030",NULL,"12.000","1922","64","3","1","1","1","1","25","Soda","images/products/z/t3kti2vuw5trzdi.jpg"
"7 UP Lemon Lime Soda - 2 Liter","1.99","67.5 oz","2017-08-01 08:17:11",NULL,"100.000",NULL,"0.000",NULL,"0.000",NULL,"25.000",NULL,"0.025",NULL,"12.000","1921","64","3","1","1","1","1","25","Soda","images/products/l/n7iz2wdw0eejyjg.jpg"
"A&W Cream Soda - 2 Liter","1.99","67.5 oz","2017-08-01 08:17:11",NULL,"170.000",NULL,"0.000",NULL,"0.000",NULL,"45.000",NULL,"0.070",NULL,"12.000","1907","64","3","1","1","1","1","25","Soda","images/products/f/8ev8avjdswt13lu.jpg"
"Amp Berry Blast Energy Drink","2.29","16 oz","2017-08-01 08:17:11",NULL,"120.000",NULL,"0.000",NULL,"0.000",NULL,"15.000",NULL,"0.075",NULL,"473.000","1797","58","3","1","1","1","1","2","Energy Drinks","images/products/p/ryzi5lnpqz8c0wp.jpg"
"Amp Grape Energy Drink","2.29","16 oz","2017-08-01 08:17:11",NULL,"130.000",NULL,"0.000",NULL,"0.000",NULL,"0.000",NULL,"0.150",NULL,"473.000","1798","58","3","1","1","1","1","2","Energy Drinks","images/products/6/bh1va67htkknrll.jpg"
"Amp Lemonade Energy Drink","2.29","16 oz","2017-08-01 08:17:11",NULL,"130.000",NULL,"0.000",NULL,"0.000",NULL,"0.000",NULL,"0.230",NULL,"473.000","1799","58","3","1","1","1","1","2","Energy Drinks","images/products/8/s7365fsi2hjq5oq.jpg"
"Apple & Eve Fruitables - Fruit and Vegatable Juice box (6.75 oz ","3.79","54 oz","2017-08-01 08:17:11",NULL,"60.000",NULL,"0.000",NULL,"0.000",NULL,"9.000",NULL,"0.010",NULL,"200.000","1827","61","3","1","1","1","1","2","Boxed Drinks","images/products/e/a2vpudzyilbgdbw.jpg"
"Apple & Eve Fruitables- Berry Berry (6.75 each)","3.79","54 oz","2017-08-01 08:17:11",NULL,"60.000",NULL,"0.000",NULL,"0.000",NULL,"9.000",NULL,"0.010",NULL,"200.000","1828","61","3","1","1","1","1","2","Boxed Drinks","images/products/w/h3eszddoxjn802m.jpg"
"Aquafina 12 pack - 16.9 oz each","4.69","192 oz","2017-08-01 08:17:11",NULL,"0.000",NULL,"0.000",NULL,"0.000",NULL,"0.000",NULL,"0.000",NULL,"400.000","1984","67","3","1","1","1","1","2","Water","images/products/q/w9rjxys5cbswm9m.jpg"
"Aquafina Strawberry Kiwi - 6 pack / 16.9 oz each","3.69","101.4 oz","2017-08-01 08:17:11",NULL,"0.000",NULL,"0.000",NULL,"0.000",NULL,"0.000",NULL,"0.135",NULL,"500.000","1985","67","3","1","1","1","1","2","Water","images/products/u/jongrwnxvcqfgnk.jpg"
"Aquarius Spring 6 pack - 16.9 oz each","2.99","101.4 oz","2017-08-01 08:17:11",NULL,"0.000",NULL,"0.000",NULL,"0.000",NULL,"0.000",NULL,"0.000",NULL,"240.000","1986","67","3","1","1","1","1","2","Water","images/products/r/r171ed8jg7rln3q.jpg"
"Arizona Arnold Palmer Drink","3.19","128 oz","2017-08-01 08:17:11",NULL,"50.000",NULL,"0.000",NULL,"0.000",NULL,"13.000",NULL,"0.010",NULL,"240.000","1812","60","3","1","1","1","1","2","Iced Tea","images/products/8/5jm03drm1kig39c.jpg"
"Arizona Ginseng Tea","3.19","128 oz","2017-08-01 08:17:11",NULL,"0.000",NULL,"0.000",NULL,"0.000",NULL,"0.000",NULL,"0.020",NULL,"240.000","1814","60","3","1","1","1","1","2","Iced Tea","images/products/a/pj9gq0myan74kiq.jpg"
"Arizona Green Tea","0.99","23 oz","2017-08-01 08:17:11",NULL,"70.000",NULL,"0.000",NULL,"0.000",NULL,"17.000",NULL,"0.010",NULL,"240.000","1813","60","3","1","1","1","1","2","Iced Tea","images/products/h/ffc7uqtk1q8e9hb.jpg"
"Atkins Advantage Shake - Strawberry 4 pk (11 oz each)","6.99","44 oz","2017-08-01 08:17:11",NULL,"160.000",NULL,"9.000",NULL,"1.500","5.00","1.000",NULL,"0.180",NULL,"325.000","1866","63","3","1","1","1","1","2","Nutritional","images/products/j/b25uhjbx6fpiw9f.jpg"
"Atkins Advantage Shake - Vanilla 4 pk (11 oz each)","6.99","44 oz","2017-08-01 08:17:11",NULL,"160.000",NULL,"9.000",NULL,"1.000","6.00","1.000",NULL,"0.180",NULL,"325.000","1865","63","3","1","1","1","1","2","Nutritional","images/products/j/sumqdo2qtuca8mm.jpg"
"Bellino Espresso Café Ground Coffee","8.99","8.80 oz","2017-08-01 08:17:11",NULL,"0.000",NULL,"0.000",NULL,"0.000",NULL,"0.000",NULL,"0.000",NULL,"1.000","1737","56","3","1","1","1","1","7","Coffee","images/products/d/392bs6lb5pnjp2t.jpg"
"Bigelow - Earl Grey","3.29","20 count","2017-08-01 08:17:11",NULL,"0.000",NULL,"0.000",NULL,"0.000",NULL,"0.000",NULL,"0.000",NULL,"240.000","1961","66","3","1","1","1","1","2","Tea","images/products/s/4p1u0qqyukyf04p.jpg"
"Bigelow - English Breakfast","3.29","20 count","2017-08-01 08:17:11",NULL,"0.000",NULL,"0.000",NULL,"0.000",NULL,"0.000",NULL,"0.000",NULL,"240.000","1962","66","3","1","1","1","1","2","Tea","images/products/a/ow3xnrddker1eh9.jpg"
"Bigelow - Green Tea - 20 count","3.29","20 count","2017-08-01 08:17:11",NULL,"0.000",NULL,"0.000",NULL,"0.000",NULL,"0.000",NULL,"0.000",NULL,"240.000","1969","66","3","1","1","1","1","2","Tea","images/products/q/1t68kkjsnuhajup.jpg"
"Bigelow - Organic Green Tea - 20 count","5.39","20 count","2017-08-01 08:17:11",NULL,"0.000",NULL,"0.000",NULL,"0.000",NULL,"0.000",NULL,"0.000",NULL,"240.000","1970","66","3","1","1","1","1","2","Tea","images/products/3/6wf65gbyt5olqb1.jpg"
"Bigelow - Plantation Mint - 20 teabags","3.29","20 count","2017-08-01 08:17:11",NULL,"0.000",NULL,"0.000",NULL,"0.000",NULL,"0.000",NULL,"0.000",NULL,"240.000","1959","66","3","1","1","1","1","2","Tea","images/products/5/rahozt9nidqp6q6.jpg"
"Bigelow Cinnamon Stick 20 teabags","3.29","20 count","2017-08-01 08:17:11",NULL,"0.000",NULL,"0.000",NULL,"0.000",NULL,"0.000",NULL,"0.000",NULL,"240.000","1956","66","3","1","1","1","1","2","Tea","images/products/b/xkkx7rh3rsxovz4.jpg"
"Bigelow Constant Comment - 20 teabags","3.29","20 count","2017-08-01 08:17:11",NULL,"0.000",NULL,"0.000",NULL,"0.000",NULL,"0.000",NULL,"0.000",NULL,"1.000","1957","66","3","1","1","1","1","27","Tea","images/products/7/lnj4nld9zyl7rvr.jpg"
"Bigelow Cozy Chamomile - 20 count","3.29","20 count","2017-08-01 08:17:11",NULL,"0.000",NULL,"0.000",NULL,"0.000",NULL,"0.000",NULL,"0.000",NULL,"240.000","1974","66","3","1","1","1","1","2","Tea","images/products/z/ykl7os5kao86q41.jpg"
"Bigelow Peppermint - 20 count","3.29","20 count","2017-08-01 08:17:11",NULL,"0.000",NULL,"0.000",NULL,"0.000",NULL,"0.000",NULL,"0.000",NULL,"240.000","1975","66","3","1","1","1","1","2","Tea","images/products/j/tqwivdoau9vrsf4.jpg"
"Bigelow Spiced Chai - 20 teabogs","3.29","20 count","2017-08-01 08:17:11",NULL,"0.000",NULL,"0.000",NULL,"0.000",NULL,"0.000",NULL,"0.000",NULL,"240.000","1958","66","3","1","1","1","1","2","Tea","images/products/s/en1buttk8zqqyjd.jpg"
"Café Du Monde Coffee & Chicory","7.99","15 oz","2017-08-01 08:17:11",NULL,"0.000",NULL,"0.000",NULL,"0.000",NULL,"0.000",NULL,"0.000",NULL,"1.000","1738","56","3","1","1","1","1","7","Coffee","images/products/x/t0i14gmz0k9heaw.jpg"
"Capri Sun - 100% Apple (6 oz each)","4.29","60 oz","2017-08-01 08:17:11",NULL,"80.000",NULL,"0.000",NULL,"0.000",NULL,"20.000",NULL,"0.025",NULL,"177.000","1831","61","3","1","1","1","1","2","Boxed Drinks","images/products/y/wmmk4cjf3nnwm1x.jpg"
"Capri Sun - Fruit Punch (6 oz each)","2.99","60 oz","2017-08-01 08:17:11",NULL,"80.000",NULL,"0.000",NULL,"0.000",NULL,"20.000",NULL,"0.025",NULL,"177.000","1829","61","3","1","1","1","1","2","Boxed Drinks","images/products/n/01cf4fu95f7z8px.jpg"
"Capri Sun - Grape (6 oz each)","2.99","60 oz","2017-08-01 08:17:11",NULL,"50.000",NULL,"0.000",NULL,"0.000",NULL,"16.000",NULL,"0.015",NULL,"177.000","1830","61","3","1","1","1","1","2","Boxed Drinks","images/products/j/s9znhb0esw81f5q.jpg"
"Caribou Coffee Ground Caribou Blend","8.99","12 oz","2017-08-01 08:17:11",NULL,"0.000",NULL,"0.000",NULL,"0.000",NULL,"0.000",NULL,"0.000",NULL,"1.000","1739","56","3","1","1","1","1","7","Coffee","images/products/k/wb3llzj1o9y8ghy.jpg"
"Caribou Coffee Ground Caribou Decaf Blend","8.99","12 oz","2017-08-01 08:17:11",NULL,"0.000",NULL,"0.000",NULL,"0.000",NULL,"0.000",NULL,"0.000",NULL,"1.000","1740","56","3","1","1","1","1","7","Coffee","images/products/g/a59jutocqfi6cay.jpg"
"Caribou Coffee Whole Bean Caribou Blend","8.99","12 oz","2017-08-01 08:17:11",NULL,"0.000",NULL,"0.000",NULL,"0.000",NULL,"0.000",NULL,"0.000",NULL,"1.000","1770","56","3","1","1","1","1","7","Coffee","images/products/t/7ez8odgtbyjcgw6.jpg"
"Celestial Seasonings Chamomile - 20 count","3.59","20 count","2017-08-01 08:17:11",NULL,"0.000",NULL,"0.000",NULL,"0.000",NULL,"0.000",NULL,"0.000",NULL,"240.000","1976","66","3","1","1","1","1","2","Tea","images/products/c/btglxh84e5yxf25.jpg"
"Celestial Seasonings Cranberry Apple Zinger Herb Tea","3.59","20 count","2017-08-01 08:17:11",NULL,"0.000",NULL,"0.000",NULL,"0.000",NULL,"0.000",NULL,"0.000",NULL,"240.000","1977","66","3","1","1","1","1","2","Tea","images/products/s/yq7xgvu1opdbb5l.jpg"
"Cherry Coca Cola 12 oz - 12 pack","6.19","144 oz","2017-08-01 08:17:11",NULL,"150.000",NULL,"0.000",NULL,"0.000",NULL,"42.000",NULL,"0.035",NULL,"355.000","1871","64","3","1","1","1","1","2","Soda","images/products/i/ffb72hlxx0mmdwr.jpg"
"Cherry Coca Cola Zero 12 oz - 12 pack","6.19","144 oz","2017-08-01 08:17:11",NULL,"0.000",NULL,"0.000",NULL,"0.000",NULL,"0.000",NULL,"0.040",NULL,"135.000","1872","64","3","1","1","1","1","2","Soda","images/products/7/fzjrt28g7hpyg99.jpg"
"Chock Full O Nuts Ground Coffee","4.79","13 oz","2017-08-01 08:17:11",NULL,"0.000",NULL,"0.000",NULL,"0.000",NULL,"0.000",NULL,"0.000",NULL,"1.000","1742","56","3","1","1","1","1","7","Coffee","images/products/6/p70jy9bcc6itbym.jpg"
"Chock Full O Nuts Ground Coffee","7.49","26 oz","2017-08-01 08:17:11",NULL,"0.000",NULL,"0.000",NULL,"0.000",NULL,"0.000",NULL,"0.000",NULL,"1.000","1741","56","3","1","1","1","1","7","Coffee","images/products/4/9v0ox1sik5ngevu.jpg"
"Coca cola 2 Liter","2.19","67.6 oz","2017-08-01 08:17:11",NULL,"140.000",NULL,"0.000",NULL,"0.000",NULL,"27.000",NULL,"0.030",NULL,"355.000","1874","64","3","1","1","1","1","2","Soda","images/products/s/hmhqrljspvo83qf.jpg"
"Coca cola Caffine Free 12 oz - 12 pack","6.19","144 oz","2017-08-01 08:17:11",NULL,"140.000",NULL,"0.000",NULL,"0.000",NULL,"0.000",NULL,"0.040",NULL,"135.000","1873","64","3","1","1","1","1","2","Soda","images/products/a/4811pbglh77ugt2.jpg"
"Coca Cola Classic 12 oz -12 pack","6.19","144 oz","2017-08-01 08:17:11",NULL,"140.000",NULL,"0.000",NULL,"0.000",NULL,"39.000",NULL,"0.045",NULL,"355.000","1878","64","3","1","1","1","1","2","Soda","images/products/x/pd3tkzsx8evi047.jpg"
"Coffee Rich Creamer-Non Dairy","1.50","16 oz","2017-08-01 08:17:11",NULL,"20.000",NULL,"1.500",NULL,"1.500",NULL,"1.000",NULL,"0.010",NULL,"15.000","1706","56","3","1","1","1","1","2","Coffee","images/products/1/rl5oiy8my49tj5x.jpg"
"Coffee-Mate Coffee Creamer - Belgian Style Chocolate Toffee","2.29","16 oz","2017-08-01 08:17:11",NULL,"35.000",NULL,"1.500",NULL,"0.000",NULL,"5.000",NULL,"0.010",NULL,"15.000","1707","56","3","1","1","1","1","2","Coffee","images/products/h/z4c65l5za1vsbuc.jpg"
"Coffee-Mate Coffee Creamer - Original","3.59","16 oz","2017-08-01 08:17:11",NULL,"10.000",NULL,"0.500",NULL,"0.000",NULL,"0.000",NULL,"0.000",NULL,"2.000","1708","56","3","1","1","1","1","1","Coffee","images/products/7/2teiiqy7gefzem7.jpg"
"Coffee-Mate Non Dairy Creamer - Carb Select French Vanilla (Suga","4.49","10.2 oz","2017-08-01 08:17:11",NULL,"25.000",NULL,"1.500",NULL,"1.000",NULL,"0.000",NULL,"0.000",NULL,"10.000","1709","56","3","1","1","1","1","1","Coffee","images/products/4/jeiw2wmjmdg3gju.jpg"
"Coke Zero 12 oz - 12 pack","6.19","144 oz","2017-08-01 08:17:11",NULL,"0.000",NULL,"0.000",NULL,"0.000",NULL,"0.000",NULL,"0.040",NULL,"355.000","1876","64","3","1","1","1","1","2","Soda","images/products/8/igwkx1rxkho1gqw.jpg"
"Coke Zero 2 Liter","2.19","67.6 oz","2017-08-01 08:17:11",NULL,"0.000",NULL,"0.000",NULL,"0.000",NULL,"0.000",NULL,"0.030",NULL,"240.000","1877","64","3","1","1","1","1","2","Soda","images/products/n/1mbzl46xlgn7qp6.jpg"
"Country Time Lemonade ","3.69","19 oz","2017-08-01 08:17:11",NULL,"60.000",NULL,"0.000",NULL,"0.000",NULL,"16.000",NULL,"0.025",NULL,"236.000","1781","57","3","1","1","1","1","2","Drink Mixes","images/products/l/4cmjslf98sgnmn1.jpg"
"Crush 12 oz - 12 pack","6.19","144 oz","2017-08-01 08:17:11",NULL,"160.000",NULL,"0.000",NULL,"0.000",NULL,"43.000",NULL,"0.070",NULL,"12.000","1934","64","3","1","1","1","1","25","Soda","images/products/x/n1zkudyzio41v5g.jpg"
"Crush Diet Orange Soda 12 oz - 12 pack","6.19","144 oz","2017-08-01 08:17:11",NULL,"0.000",NULL,"0.000",NULL,"0.000",NULL,"0.000",NULL,"0.075",NULL,"12.000","1932","64","3","1","1","1","1","25","Soda","images/products/z/wm0vl93x3th77qj.jpg"
"Crush Grape 12 oz - 12 pack","6.19","144 oz","2017-08-01 08:17:11",NULL,"160.000",NULL,"0.000",NULL,"0.000",NULL,"43.000",NULL,"0.065",NULL,"12.000","1942","64","3","1","1","1","1","25","Soda","images/products/0/ei50c7775l2e5sa.jpg"
"Crush Grape 2 Liter","2.19","67.6 oz","2017-08-01 08:17:11",NULL,"160.000",NULL,"0.000",NULL,"0.000",NULL,"43.000",NULL,"0.065",NULL,"12.000","1943","64","3","1","1","1","1","25","Soda","images/products/c/3qhuodxdafzr8nl.jpg"
"Crush Orange Soda 2 Liter","1.89","67.5 oz","2017-08-01 08:17:11",NULL,"0.000",NULL,"0.000",NULL,"0.000",NULL,"0.000",NULL,"0.075",NULL,"12.000","1933","64","3","1","1","1","1","25","Soda","images/products/3/8kb9u24i58g7men.jpg"
"Crystal Light - Natural Classic Orange","4.65","2.5 oz","2017-08-01 08:17:11",NULL,"5.000",NULL,"0.000",NULL,"0.000",NULL,"0.000",NULL,"0.035",NULL,"0.125","1784","57","3","1","1","1","1","15","Drink Mixes","images/products/7/no8hkla49grnbr8.jpg"
"Crystal Light - Pomegranate (10 ct)","3.79","10 ct","2017-08-01 08:17:11",NULL,"5.000",NULL,"0.000",NULL,"0.000",NULL,"0.000",NULL,"0.010",NULL,"0.500","1783","57","3","1","1","1","1","15","Drink Mixes","images/products/y/2crpgp9acergiv3.jpg"
"Crystal Light - Tangerine Strawberry","4.65","2.5 oz","2017-08-01 08:17:11",NULL,"5.000",NULL,"0.000",NULL,"0.000",NULL,"0.000",NULL,"0.005",NULL,"0.125","1785","57","3","1","1","1","1","15","Drink Mixes","images/products/q/q580utoki45g0th.jpg"
"Crystal Light - White Grape Drink Mix (10 ct)","3.79","10 ct","2017-08-01 08:17:11",NULL,"5.000",NULL,"0.000",NULL,"0.000",NULL,"0.000",NULL,"0.005",NULL,"0.500","1782","57","3","1","1","1","1",NULL,"Drink Mixes","images/products/4/hou0cvhlhm980e0.jpg"
"Crystal Springs - 24 pack - 1/2 liter each","4.69","202.8 oz","2017-08-01 08:17:11",NULL,"0.000",NULL,"0.000",NULL,"0.000",NULL,"0.000",NULL,"0.000",NULL,"240.000","1987","67","3","1","1","1","1","2","Water","images/products/a/to7dfuo9tl479h4.jpg"
"Dasani 12 pack - 1/2 liter each","5.69","202.8 oz","2017-08-01 08:17:11",NULL,"0.000",NULL,"0.000",NULL,"0.000",NULL,"0.000",NULL,"0.000",NULL,"240.000","1988","67","3","1","1","1","1","2","Water","images/products/b/lamyrjlgcftrc2o.jpg"
"Deer Park 24 pack - 1/2 Liter each","7.49","405.6 oz","2017-08-01 08:17:11",NULL,"0.000",NULL,"0.000",NULL,"0.000",NULL,"0.000",NULL,"0.000",NULL,"240.000","1990","67","3","1","1","1","1","2","Water","images/products/u/4y9oxzagu59ttla.jpg"
"Deer Park 6 pack - 1/2 Liter each","2.25","101.4 oz","2017-08-01 08:17:11",NULL,"0.000",NULL,"0.000",NULL,"0.000",NULL,"0.000",NULL,"0.000",NULL,"240.000","1989","67","3","1","1","1","1","2","Water","images/products/v/hmlfsejkmr5o200.jpg"
"Diet Coke 12 oz - 12 pack","6.19","144 oz","2017-08-01 08:17:11",NULL,"0.000",NULL,"0.000",NULL,"0.000",NULL,"0.000",NULL,"0.040",NULL,"355.000","1879","64","3","1","1","1","1","2","Soda","images/products/p/fqjr6jk4oo5xop4.jpg"
"Diet Coke 2 Liter","2.19","67.6 oz","2017-08-01 08:17:11",NULL,"9.000",NULL,"0.000",NULL,"0.000",NULL,"0.100",NULL,"0.028",NULL,"240.000","1875","64","3","1","1","1","1","2","Soda","images/products/9/v15qk08fk8rlz8y.jpg"
"Diet Dr. Pepper -2 Liter","1.89","67.6 oz","2017-08-01 08:17:11",NULL,"0.000",NULL,"0.000",NULL,"0.000",NULL,"0.000",NULL,"0.035",NULL,"355.000","1886","64","3","1","1","1","1","2","Soda","images/products/x/p0v0j9w48u6y71u.jpg"
"Diet Dr. Pepper 12 oz - 12 pk","6.19","144 oz","2017-08-01 08:17:11",NULL,"0.000",NULL,"0.000",NULL,"0.000",NULL,"0.000",NULL,"0.055",NULL,"335.000","1883","64","3","1","1","1","1","2","Soda","images/products/s/ptdkbqpa8pcpzsb.jpg"
"Diet Dr. Pepper Caffine Free - 12 oz / 12 pack","6.19","144 oz","2017-08-01 08:17:11",NULL,"0.000",NULL,"0.000",NULL,"0.000",NULL,"0.000",NULL,"0.055",NULL,"355.000","1885","64","3","1","1","1","1","2","Soda","images/products/q/y4pan4mm5vzwduu.jpg"
"Diet Dr. Pepper Caffine Free - 2 Liter","1.89","67.6 oz","2017-08-01 08:17:11",NULL,"150.000",NULL,"0.000",NULL,"0.000",NULL,"0.000",NULL,"0.055",NULL,"355.000","1884","64","3","1","1","1","1","2","Soda","images/products/s/81fuiknpnju0r9c.jpg"
"Diet Pepsi 2 Liter","1.89","67.6 oz","2017-08-01 08:17:11",NULL,"0.000",NULL,"0.000",NULL,"0.000",NULL,"0.000",NULL,"0.025",NULL,"355.000","1880","64","3","1","1","1","1","2","Soda","images/products/b/0dfibrlz7iox47b.jpg"
"Diet Rite - Tangerine Soda 12 oz - 12 pack","5.99","144 oz","2017-08-01 08:17:11",NULL,"0.000",NULL,"0.000",NULL,"0.000",NULL,"0.000",NULL,"0.000",NULL,"12.000","1935","64","3","1","1","1","1","25","Soda","images/products/n/9pytodpnd174kzt.jpg"
"Diet Wild Cherry Pepsi 2 Liter","1.89","67.6 oz","2017-08-01 08:17:11",NULL,"0.000",NULL,"0.000",NULL,"0.000",NULL,"0.000",NULL,"0.025",NULL,"355.000","1881","64","3","1","1","1","1","2","Soda","images/products/j/q0o9wb719kv8qis.jpg"
"Dole Juice - Orange Peach Mango","3.19","0.5 gal","2017-08-01 08:17:11",NULL,"120.000",NULL,"0.000",NULL,"0.000",NULL,"27.000",NULL,"0.010",NULL,"226.000","602","62","3","1","1","1","1","1","Juice","images/products/h/br3yoz9kh78oow9.jpg"
"Dole Juice - Orange Strawberry Banana","3.19","0.5 gal","2017-08-01 08:17:11",NULL,"120.000",NULL,"0.000",NULL,"0.000",NULL,"24.000",NULL,"0.010",NULL,"226.000","603","62","3","1","1","1","1","1","Juice","images/products/1/oypf5g7mr8b9qtp.jpg"
"Dole Juice - Pineapple Orange","3.19","0.5 gal","2017-08-01 08:17:11",NULL,"120.000",NULL,"0.000",NULL,"0.000",NULL,"26.000",NULL,"0.010",NULL,"226.000","605","62","3","1","1","1","1","1","Juice","images/products/r/u13z2vf22f6sun9.jpg"
"Dole Juice - Pineapple Orange Banana","3.19","0.5 gal","2017-08-01 08:17:11",NULL,"120.000",NULL,"0.000",NULL,"0.000",NULL,"25.000",NULL,"0.010",NULL,"226.000","604","62","3","1","1","1","1","1","Juice","images/products/y/qjwqaoqjs4vjreh.jpg"
"Dole Orange Juice - No Pulp","3.19","0.5 gal","2017-08-01 08:17:11",NULL,"120.000",NULL,"0.000",NULL,"0.000",NULL,"23.000",NULL,"0.010",NULL,"240.000","600","62","3","1","1","1","1","2","Juice","images/products/7/p390i7zstln0197.jpg"
"Dole Orange Juice - Some Pulp","3.19","0.5 gal","2017-08-01 08:17:11",NULL,"120.000",NULL,"0.000",NULL,"0.000",NULL,"23.000",NULL,"0.010",NULL,"226.000","601","62","3","1","1","1","1","1","Juice","images/products/1/nm7oi0jp2zcewmo.jpg"
"Dunkin Donuts Coffee - Ground Decaf Dunkin","7.69","12 oz","2017-08-01 08:17:11",NULL,"0.000",NULL,"0.000",NULL,"0.000",NULL,"0.000",NULL,"0.000",NULL,"1.000","1743","56","3","1","1","1","1","7","Coffee","images/products/t/fh66sphopv0p1p3.jpg"
"Dunkin Donuts Coffee - Ground Dunkin Dark","7.69","11 oz","2017-08-01 08:17:11",NULL,"0.000",NULL,"0.000",NULL,"0.000",NULL,"0.000",NULL,"0.000",NULL,"1.000","1744","56","3","1","1","1","1","7","Coffee","images/products/h/1ijbwambs7y37p9.jpg"
"Dunkin Donuts Coffee - Ground Original Blend (Medium)","7.69","12 oz","2017-08-01 08:17:11",NULL,"0.000",NULL,"0.000",NULL,"0.000",NULL,"0.000",NULL,"0.000",NULL,"1.000","1745","56","3","1","1","1","1","7","Coffee","images/products/f/be76h7azpw5ghaj.jpg"
"Dunkin Donuts Coffee - Whole Bean - Original Blend","7.69","12 oz","2017-08-01 08:17:11",NULL,"10.000",NULL,"0.000",NULL,"0.000",NULL,"0.000",NULL,"0.015",NULL,"987.000","1771","56","3","1","1","1","1","1","Coffee","images/products/i/tjvyrce67fk83ct.jpg"
"EAS Myoplex Chocolate Cream - 25 g Protein 4 pk (14 oz each)","12.99","56 oz","2017-08-01 08:17:11",NULL,"220.000",NULL,"11.000",NULL,"4.500",NULL,"5.000",NULL,"0.190",NULL,"330.000","1867","63","3","1","1","1","1","2","Nutritional","images/products/1/jlwqcrgk5n71z0n.jpg"
"Eight OClock Coffee - 100% Columbian Whole Bean","5.75","11 oz","2017-08-01 08:17:11",NULL,"0.000",NULL,"0.000",NULL,"0.000",NULL,"0.000",NULL,"0.000",NULL,"1.000","1772","56","3","1","1","1","1","7","Coffee","images/products/0/1npw877jtf1kw3u.jpg"
"Eight OClock Coffee - Decaffeinated Whole Bean Original","6.49","12 oz","2017-08-01 08:17:11",NULL,"0.000",NULL,"0.000",NULL,"0.000",NULL,"0.000",NULL,"0.000",NULL,"1.000","1773","56","3","1","1","1","1","7","Coffee","images/products/z/hqfjkxdhc9oxgtg.jpg"
"Eight OClock Coffee - Ground Coffee - 100% Columbian","5.75","11 oz","2017-08-01 08:17:11",NULL,"0.000",NULL,"0.000",NULL,"0.000",NULL,"0.000",NULL,"0.000",NULL,"1.000","1747","56","3","1","1","1","1","7","Coffee","images/products/w/guh4g8ls3pstweb.jpg"
"Eight OClock Coffee - Original Ground","5.75","12 oz","2017-08-01 08:17:11",NULL,"0.000",NULL,"0.000",NULL,"0.000",NULL,"0.000",NULL,"0.000",NULL,"1.000","1746","56","3","1","1","1","1","7","Coffee","images/products/1/sgc3ae503d1wzug.jpg"
"Evian 1.5 Liter Bottle","2.65","50.7 oz","2017-08-01 08:17:11",NULL,"0.000",NULL,"0.000",NULL,"0.000",NULL,"0.000",NULL,"0.000",NULL,"240.000","1992","67","3","1","1","1","1","2","Water","images/products/v/aw0sswjlnjx1mji.jpg"
"Evian 6 pack - 1/2 Liter each","6.99","101.4 oz","2017-08-01 08:17:11",NULL,"0.000",NULL,"0.000",NULL,"0.000",NULL,"0.000",NULL,"0.000",NULL,"240.000","1991","67","3","1","1","1","1","2","Water","images/products/q/sdmov78v4ugwfyt.jpg"
"Fanta Orange Diet Soda - 12 oz / 12 pack","6.19","144 oz","2017-08-01 08:17:11",NULL,"0.000",NULL,"0.000",NULL,"0.000",NULL,"0.000",NULL,"0.035",NULL,"240.000","1939","64","3","1","1","1","1","2","Soda","images/products/g/f9kavfbupu7e5n6.jpg"
"Fanta Orange Soda - 12 oz / 12 pack","6.19","144 oz","2017-08-01 08:17:11",NULL,"160.000",NULL,"0.000",NULL,"0.000",NULL,"44.000",NULL,"0.055",NULL,"355.000","1938","64","3","1","1","1","1","2","Soda","images/products/p/82x1g1go1jo3n90.jpg"
"Fanta Orange Soda - 2 Liter","2.19","67.6 oz","2017-08-01 08:17:11",NULL,"111.000",NULL,"0.000",NULL,"0.000",NULL,"0.000",NULL,"0.036",NULL,"240.000","1937","64","3","1","1","1","1","2","Soda","images/products/x/3b4sbks07db8eud.jpg"
"Fanta Zero Orange Soda - 2 Liter","2.19","67.6 oz","2017-08-01 08:17:11",NULL,"0.000",NULL,"0.000",NULL,"0.000",NULL,"0.000",NULL,"0.025",NULL,"240.000","1936","64","3","1","1","1","1","2","Soda","images/products/0/qe4jhdt7malq7lb.jpg"
"Floridas Natural Apple Juice (100% Not From Concentrate)","3.75","59 oz","2017-08-01 08:17:11",NULL,"120.000",NULL,"0.000",NULL,"0.000",NULL,"28.000",NULL,"0.000",NULL,"240.000","1841","62","3","1","1","1","1","2","Juice","images/products/a/xd7va38mfe3n8ey.jpg"
"Floridas Natural Orange Juice","3.59","0.5 gal","2017-08-01 08:17:11",NULL,"110.000",NULL,"0.000",NULL,"0.000",NULL,"22.000",NULL,"0.000",NULL,"240.000","598","62","3","1","1","1","1","2","Juice","images/products/m/kpnj95lrtvvils1.jpg"
"Floridas Natural Ruby Red Grapefruit Juice","3.59","0.5 gal","2017-08-01 08:17:11",NULL,"90.000",NULL,"0.000",NULL,"0.000",NULL,"20.000",NULL,"0.000",NULL,"240.000","599","62","3","1","1","1","1","2","Juice","images/products/1/1v9sv8xy89uu5as.jpg"
"Folgers - Ground 100% Columbian Medium Dark","8.99","27.8 oz","2017-08-01 08:17:11",NULL,"0.000",NULL,"0.000",NULL,"0.000",NULL,"0.000",NULL,"0.000",NULL,"1.000","1748","56","3","1","1","1","1","7","Coffee","images/products/4/5mt8ymxnuxgkf20.jpg"
"Folgers - Ground Black Silk Dark","3.99","10.3 oz","2017-08-01 08:17:11",NULL,"0.000",NULL,"0.000",NULL,"0.000",NULL,"0.000",NULL,"0.000",NULL,"1.000","1749","56","3","1","1","1","1","7","Coffee","images/products/z/zbfh25s4htcjfj7.jpg"
"Folgers - Ground Classic Decaf Medium","4.99","11.3 oz","2017-08-01 08:17:11",NULL,"0.000",NULL,"0.000",NULL,"0.000",NULL,"0.000",NULL,"0.000",NULL,"1.000","1750","56","3","1","1","1","1","7","Coffee","images/products/m/eb5dyly2s5th1q8.jpg"
"Folgers Instant Coffee - Classic Decaf","2.95","2 oz","2017-08-01 08:17:11",NULL,"2.400",NULL,"0.100",NULL,"0.000",NULL,"0.000",NULL,"4.700",NULL,"1.000","1762","56","3","1","1","1","1","7","Coffee","images/products/y/ln9sk7sud46wwre.jpg"
"Folgers Instant Coffee - Classic Roast","2.29","2 oz","2017-08-01 08:17:11",NULL,"2.400",NULL,"0.100",NULL,"0.000",NULL,"0.000",NULL,"4.700",NULL,"1.000","1763","56","3","1","1","1","1","7","Coffee","images/products/8/1ri525avqgh15sy.jpg"
"Fresca 2 Liter","2.19","67.6 oz","2017-08-01 08:17:11",NULL,"0.000",NULL,"0.000",NULL,"0.000",NULL,"0.000",NULL,"0.025",NULL,"12.000","1924","64","3","1","1","1","1","25","Soda","images/products/9/ivgdxlfp6hy5svg.jpg"
"G2 Blueberry Pomagranate 20 fl oz - 8 pack","6.99","160 oz","2017-08-01 08:17:11",NULL,"30.000",NULL,"0.000",NULL,"0.000",NULL,"17.000",NULL,"0.110",NULL,"12.000","1944","65","3","1","1","1","1","25","Sports Drinks","images/products/x/36j3xodanisloe9.jpg"
"G2 Fruit Punch 20 fl oz - 8 pack","6.99","160 oz","2017-08-01 08:17:11",NULL,"40.000",NULL,"0.000",NULL,"0.000",NULL,"7.000",NULL,"0.030",NULL,"355.000","1946","65","3","1","1","1","1","2","Sports Drinks","images/products/0/7zqq5glchpdka6y.jpg"
"G2 Fruit Punch 32 oz","1.49","32 oz","2017-08-01 08:17:11",NULL,"30.000",NULL,"0.000",NULL,"0.000",NULL,"7.000",NULL,"0.110",NULL,"355.000","1945","65","3","1","1","1","1","2","Sports Drinks","images/products/5/0orgkbhthl6ocme.jpg"
"G2 Fruit Punch Powder Sticks","3.99","3.2 oz","2017-08-01 08:17:11",NULL,"30.000",NULL,"0.000",NULL,"0.000",NULL,"7.000",NULL,"0.160",NULL,"12.000","1787","57","3","1","1","1","1","25","Drink Mixes","images/products/a/idoo329jj92o4ua.jpg"
"G2 Grape - Gatorade Powder Sticks","3.99","3.2 oz","2017-08-01 08:17:11",NULL,"30.000",NULL,"0.000",NULL,"0.000",NULL,"7.000",NULL,"0.160",NULL,"12.000","1786","57","3","1","1","1","1","25","Drink Mixes","images/products/1/gwoobzdbmsjd9il.jpg"
"G2 Grape 20 fl oz - 8 pack","6.99","160 oz","2017-08-01 08:17:11",NULL,"50.000",NULL,"0.000",NULL,"0.000",NULL,"7.000",NULL,"0.110",NULL,"590.000","1947","65","3","1","1","1","1","2","Sports Drinks","images/products/t/5rxyuh8iezqd1dy.jpg"
"Glaceau Vitamin Water - Blueberry-Pomegranate","1.59","20 oz","2017-08-01 08:17:11",NULL,"0.000",NULL,"0.000",NULL,"0.000",NULL,"0.000",NULL,"0.000",NULL,"1.000","1802","58","3","1","1","1","1",NULL,"Energy Drinks","images/products/7/uhv9brzx9xvqv3k.jpg"
"Glaceau Vitamin Water - Grape-Rasberry","1.59","20 oz","2017-08-01 08:17:11",NULL,"0.000",NULL,"0.000",NULL,"0.000",NULL,"0.000",NULL,"0.000",NULL,"240.000","1801","58","3","1","1","1","1","2","Energy Drinks","images/products/s/g2bbqshma3vodap.jpg"
"Glaceau Vitamin Water - Lemonade","1.59","20 oz","2017-08-01 08:17:11",NULL,"0.000",NULL,"0.000",NULL,"0.000",NULL,"0.000",NULL,"0.000",NULL,"1.000","1800","58","3","1","1","1","1","23","Energy Drinks","images/products/u/qt7m508kdzrzx42.jpg"
"Golden Peak - Real Sugar Tea","2.79","59 oz","2017-08-01 08:17:11",NULL,"90.000",NULL,"0.000",NULL,"0.000",NULL,"29.000",NULL,"0.035",NULL,"360.000","1816","60","3","1","1","1","1","2","Iced Tea","images/products/y/qb7166w3d033kie.jpg"
"Golden Peak - Unsweetened Tea","2.79","59 oz","2017-08-01 08:17:11",NULL,"0.000",NULL,"0.000",NULL,"0.000",NULL,"0.000",NULL,"0.035",NULL,"12.000","1815","60","3","1","1","1","1",NULL,"Iced Tea","images/products/v/cjz57fa6vgajdv1.jpg"
"Hersheys Family Size Chocolate Syrup","4.39","48 oz","2017-08-01 08:17:11",NULL,"45.000",NULL,"0.000",NULL,"0.000",NULL,"20.000",NULL,"0.015",NULL,"19.000","1789","57","3","1","1","1","1","1","Drink Mixes","images/products/p/9psmsoiulox78e3.jpg"
"Hersheys Lite Chocolate Syrup","2.29","18.5 oz","2017-08-01 08:17:11",NULL,"20.000",NULL,"0.000",NULL,"0.000",NULL,"10.000",NULL,"0.070",NULL,"17.000","1788","57","3","1","1","1","1","1","Drink Mixes","images/products/x/1mm8la0l9xbyn24.jpg"
"Hersheys Syrup - Chocolate","2.50","24 oz","2017-08-01 08:17:11",NULL,"45.000",NULL,"0.000",NULL,"0.000",NULL,"20.000",NULL,"0.015",NULL,"19.000","1790","57","3","1","1","1","1","1","Drink Mixes","images/products/w/q0wn75t0084edjb.jpg"
"Hi C Kraze - Strawberry Kiwi","2.50","67.5 oz","2017-08-01 08:17:11",NULL,"100.000",NULL,"0.000",NULL,"0.000",NULL,"26.000",NULL,"0.015",NULL,"200.000","1833","61","3","1","1","1","1","2","Boxed Drinks","images/products/e/wbiksthbltip06j.jpg"
"Hi C Poppin Pink Lemonade","2.50","67.5 oz","2017-08-01 08:17:11",NULL,"90.000",NULL,"0.000",NULL,"0.000",NULL,"23.000",NULL,"0.000",NULL,"1.000","1832","61","3","1","1","1","1",NULL,"Boxed Drinks","images/products/3/nn8a5o6wu0in7r4.jpg"
"Hills Bros Cappuccino Sugar-Free Double Mocha Coffee Drink","3.99","12 oz","2017-08-01 08:17:11",NULL,"110.000",NULL,"3.000",NULL,"3.000",NULL,"15.000",NULL,"0.140",NULL,"27.000","1719","56","3","1","1","1","1","1","Coffee","images/products/l/l8a6349m0jqyp2d.jpg"
"IBC Cream 6 pack","4.19","72 oz","2017-08-01 08:17:11",NULL,"180.000",NULL,"0.000",NULL,"0.000",NULL,"48.000",NULL,"0.070",NULL,"1.000","1908","64","3","1","1","1","1",NULL,"Soda","images/products/h/xo4p5ww47kprzhi.jpg"
"Indian River Grapefruit Juice 1.75 L","3.99","59.17 oz","2017-08-01 08:17:11",NULL,"90.000",NULL,"0.000",NULL,"0.000",NULL,"23.000",NULL,"0.300",NULL,"240.000","1855","62","3","1","1","1","1","2","Juice","images/products/a/6jp9p5755jzqtyg.jpg"
"Indian River Orange Juice 1.75 L","3.99","59.17 oz","2017-08-01 08:17:11",NULL,"110.000",NULL,"0.000",NULL,"0.000",NULL,"26.000",NULL,"0.000",NULL,"240.000","1861","62","3","1","1","1","1","2","Juice","images/products/1/qh3r8v0z5s939wp.jpg"
"International Delight Coffee Creamer - Chocolate Caramel","2.29","16 oz","2017-08-01 08:17:11",NULL,"35.000",NULL,"1.500",NULL,"1.000",NULL,"6.000",NULL,"0.000",NULL,"15.000","1713","56","3","1","1","1","1","2","Coffee","images/products/m/89mms9lqjx0mlfx.jpg"
"International Delight Coffee House Inspirations - Dark Chocolate","2.29","16 oz","2017-08-01 08:17:11",NULL,"35.000",NULL,"1.500",NULL,"1.000",NULL,"5.000",NULL,"0.000",NULL,"15.000","1714","56","3","1","1","1","1","2","Coffee","images/products/2/56o0o46p7ygkfbp.jpg"
"International Delight Hazelnut Liquid Creamer Singles - 24 count","3.95","10.5 oz","2017-08-01 08:17:11",NULL,"30.000",NULL,"1.500",NULL,"0.500",NULL,"5.000",NULL,"0.000",NULL,"13.000","1716","56","3","1","1","1","1","2","Coffee","images/products/e/ynqml03z6gdar2k.jpg"
"International Delight Liquid Creamer Singles - 24 count","3.95","10.5 oz","2017-08-01 08:17:11",NULL,"30.000",NULL,"1.500",NULL,"0.500",NULL,"5.000",NULL,"0.000",NULL,"13.000","1715","56","3","1","1","1","1","2","Coffee","images/products/w/9vmbpxwu8eild04.jpg"
"ISS Research - Complete Creatine Power","18.49","14.1 oz","2017-08-01 08:17:11",NULL,"0.000",NULL,"0.000",NULL,"0.000",NULL,"0.000",NULL,"0.000",NULL,"1.000","1791","57","3","1","1","1","1","36","Drink Mixes","images/products/l/li5moh07toafz9j.jpg"
"Jones Cream Soda","4.19","48 oz","2017-08-01 08:17:11",NULL,"160.000",NULL,"0.000",NULL,"0.000",NULL,"38.000",NULL,"0.035",NULL,"1.000","1909","64","3","1","1","1","1",NULL,"Soda","images/products/8/dmea2ifehj7omby.jpg"
"Juicy Juice - 100% Apple Juice 48 oz","2.99","48 oz","2017-08-01 08:17:11",NULL,"110.000",NULL,"0.000",NULL,"0.000",NULL,"26.000",NULL,"0.020",NULL,"240.000","1843","62","3","1","1","1","1","2","Juice","images/products/l/3jfp97jsqcykjka.jpg"
"Juicy Juice - 100% Apple Juice Box (8 - 6.75 oz each)","3.89","54 oz","2017-08-01 08:17:11",NULL,"100.000",NULL,"0.000",NULL,"0.000",NULL,"22.000",NULL,"0.190",NULL,"200.000","1834","61","3","1","1","1","1","2","Boxed Drinks","images/products/x/zig0tdrhngx6qps.jpg"
"Juicy Juice - Orange Tangerine","3.89","54 oz","2017-08-01 08:17:11",NULL,"110.000",NULL,"0.000",NULL,"0.000",NULL,"0.000",NULL,"0.180",NULL,"200.000","1835","61","3","1","1","1","1","2","Boxed Drinks","images/products/u/pw74qgkoofw1yrx.jpg"
"Juicy Juice Apple (6 pack of 10 oz plastic bottles)","4.25","60 oz","2017-08-01 08:17:11",NULL,"110.000",NULL,"0.000",NULL,"0.000",NULL,"26.000",NULL,"0.020",NULL,"240.000","1836","61","3","1","1","1","1","2","Boxed Drinks","images/products/e/8wplb30sex6e8c0.jpg"
"Juicy Juice Grape Juice (100%)","2.99","48 oz","2017-08-01 08:17:11",NULL,"120.000",NULL,"0.000",NULL,"0.000",NULL,"28.000",NULL,"0.020",NULL,"240.000","1851","62","3","1","1","1","1","2","Juice","images/products/5/p334q0cmid8tvjw.jpg"
"Kool Aid - Black Cherry","0.29",".13 oz","2017-08-01 08:17:11",NULL,"0.000",NULL,"0.000",NULL,"0.000",NULL,"0.000",NULL,"0.000",NULL,"236.000","1793","57","3","1","1","1","1","1","Drink Mixes","images/products/6/9nubsj7low7oqn1.jpg"
"Kool Aid - Grape","3.75","19 oz","2017-08-01 08:17:11",NULL,"60.000",NULL,"0.000",NULL,"0.000",NULL,"16.000",NULL,"0.000",NULL,"236.000","1792","57","3","1","1","1","1","1","Drink Mixes","images/products/t/st9vifctpmliybc.jpg"
"Kool Aid - Tropical Punch","0.29","0.13 oz","2017-08-01 08:17:11",NULL,"150.000",NULL,"0.000",NULL,"0.000",NULL,"38.000",NULL,"0.030",NULL,"12.000","1794","57","3","1","1","1","1","25","Drink Mixes","images/products/p/hqwnnsdzl24g54p.jpg"
"Land O Lakes Classics Hot Cocoa Mix - Amaretto & Chocolate","0.69","1.25 oz","2017-08-01 08:17:11",NULL,"140.000",NULL,"3.000",NULL,"2.500",NULL,"24.000",NULL,"0.260",NULL,"198.000","1695","55","3","1","1","1","1","1","Cocoa","images/products/x/6y1v6mre6cch2zm.jpg"
"Land O Lakes Classics Hot Cocoa Mix - Caramel & Chocolate","0.69","1.25 oz","2017-08-01 08:17:11",NULL,"140.000",NULL,"3.000",NULL,"2.500",NULL,"24.000",NULL,"0.260",NULL,"35.000","1696","55","3","1","1","1","1","1","Cocoa","images/products/c/h2zdxzwqc9nm3jh.jpg"
"Lipton Decaf Tea Bags - 48 count","3.69","48 count","2017-08-01 08:17:11",NULL,"0.000",NULL,"0.000",NULL,"0.000",NULL,"0.000",NULL,"0.000",NULL,"240.000","1982","66","3","1","1","1","1","2","Tea","images/products/4/gfjdtnsukanvhde.jpg"
"Lipton Diet Iced Tea with Citrus","1.49","20 oz","2017-08-01 08:17:11",NULL,"0.000",NULL,"0.000",NULL,"0.000",NULL,"0.000",NULL,"0.085",NULL,"16.900","1822","60","3","1","1","1","1","25","Iced Tea","images/products/1/ixfh71mtax0yi0c.jpg"
"Lipton Diet Iced Tea with Citrus 8 pack","7.99","160 oz","2017-08-01 08:17:11",NULL,"0.000",NULL,"0.000",NULL,"0.000",NULL,"0.000",NULL,"0.085",NULL,"500.000","1823","60","3","1","1","1","1","2","Iced Tea","images/products/m/kenrdrf8lhe0jhv.jpg"
"Lipton Iced Tea with Citrus","1.49","20 oz","2017-08-01 08:17:11",NULL,"100.000",NULL,"0.000",NULL,"0.000",NULL,"13.000",NULL,"0.070",NULL,"16.900","1821","60","3","1","1","1","1","25","Iced Tea","images/products/a/9jsrter9rehhnsw.jpg"
"Lipton Iced Tea with Citrus 8 pack","7.99","160 oz","2017-08-01 08:17:11",NULL,"100.000",NULL,"0.000",NULL,"0.000",NULL,"13.000",NULL,"0.070",NULL,"500.000","1824","60","3","1","1","1","1","2","Iced Tea","images/products/s/88cn08jora69xnu.jpg"
"Lipton Tea Bags - 48 count","2.85","48 count","2017-08-01 08:17:11",NULL,"0.000",NULL,"0.000",NULL,"0.000",NULL,"0.000",NULL,"0.000",NULL,"240.000","1981","66","3","1","1","1","1","2","Tea","images/products/q/ifu6ch14pn6ljbd.jpg"
"Maxwell House Coffee - Ground Master Blend Mild","3.89","11.5 oz","2017-08-01 08:17:11",NULL,"0.000",NULL,"0.000",NULL,"0.000",NULL,"0.000",NULL,"0.000",NULL,"1.000","1751","56","3","1","1","1","1","7","Coffee","images/products/5/ou8uqrm741zs6dt.jpg"
"Maxwell House Coffee - Original Ground","9.49","34.5 oz","2017-08-01 08:17:11",NULL,"0.000",NULL,"0.000",NULL,"0.000",NULL,"0.000",NULL,"0.000",NULL,"1.000","1752","56","3","1","1","1","1","7","Coffee","images/products/9/ac4sxsjz71lqhqm.jpg"
"Maxwell House International - Coffee Drink Mix - Café Francais","3.99","7.6 oz","2017-08-01 08:17:11",NULL,"30.000",NULL,"2.500",NULL,"2.500",NULL,"0.000",NULL,"0.090",NULL,"6.000","1720","56","3","1","1","1","1","1","Coffee","images/products/j/xvt53s2j5zd7q10.jpg"
"Maxwell House International - Coffee Drink Mix - French Vanilla ","3.99","4 oz","2017-08-01 08:17:11",NULL,"60.000",NULL,"2.500",NULL,"2.500",NULL,"8.000",NULL,"0.055",NULL,"14.000","1721","56","3","1","1","1","1","1","Coffee","images/products/6/gu8w8dcu4arx7jh.jpg"
"Millstone Ground Coffee - 100% Columbian - Med Roast","8.49","11 oz","2017-08-01 08:17:11",NULL,"0.000",NULL,"0.000",NULL,"0.000",NULL,"0.000",NULL,"0.000",NULL,"1.000","1753","56","3","1","1","1","1","7","Coffee","images/products/x/4d1ssepxb0aheus.jpg"
"Millstone Ground Coffee - Bed & Breakfast Ground Blend","8.49","10 oz","2017-08-01 08:17:11",NULL,"0.000",NULL,"0.000",NULL,"0.000",NULL,"0.000",NULL,"0.000",NULL,"1.000","1754","56","3","1","1","1","1","7","Coffee","images/products/t/aymfb2b6ny25mqg.jpg"
"Millstone Ground coffee - Caramel Truffle","8.49","12 oz","2017-08-01 08:17:11",NULL,"0.000",NULL,"0.000",NULL,"0.000",NULL,"0.000",NULL,"0.000",NULL,"1.000","1755","56","3","1","1","1","1","7","Coffee","images/products/6/02iqlzzs4r5tki5.jpg"
"Millstone Ground Coffee - Decaf 100% Colombian","8.49","11 oz","2017-08-01 08:17:11",NULL,"0.000",NULL,"0.000",NULL,"0.000",NULL,"0.000",NULL,"0.000",NULL,"1.000","1756","56","3","1","1","1","1","7","Coffee","images/products/1/oykgifrbqchekk6.jpg"
"Minute Maid Apple Juice (8 boxes - 6.75 oz each)","3.95","67.5 oz","2017-08-01 08:17:11",NULL,"80.000",NULL,"0.000",NULL,"0.000",NULL,"19.000",NULL,"0.015",NULL,"177.000","1837","61","3","1","1","1","1","2","Boxed Drinks","images/products/8/d9ew5s55qqd65nx.jpg"
"Minute Maid Berry Punch","1.99","0.5 gal","2017-08-01 08:17:11",NULL,"120.000",NULL,"0.000",NULL,"0.000",NULL,"31.000",NULL,"0.015",NULL,"240.000","612","62","3","1","1","1","1","2","Juice","images/products/h/0mjwp9dhxhemjz0.jpg"
"Minute Maid Lemonade","1.99","0.5 gal","2017-08-01 08:17:11",NULL,"110.000",NULL,"0.000",NULL,"0.000",NULL,"28.000",NULL,"0.015",NULL,"240.000","610","62","3","1","1","1","1","2","Juice","images/products/q/oxtrs36ppsvxzp7.jpg"
"Minute Maid Light Lemonade (1/2 Gal)","1.99","64 oz","2017-08-01 08:17:11",NULL,"15.000",NULL,"0.000",NULL,"0.015",NULL,"2.000",NULL,"0.015",NULL,"240.000","1857","62","3","1","1","1","1","2","Juice","images/products/a/2eixkxkft1kcqct.jpg"
"Minute Maid Orange Juice 1/2 Gal","2.99","64 oz","2017-08-01 08:17:11",NULL,"110.000",NULL,"0.000",NULL,"0.000",NULL,"24.000",NULL,"0.025",NULL,"240.000","1862","62","3","1","1","1","1","2","Juice","images/products/u/re91llc2hb4ffv2.jpg"
"Minute Maid Pink Lemonade","1.99","0.5 gal","2017-08-01 08:17:11",NULL,"110.000",NULL,"0.000",NULL,"0.000",NULL,"29.000",NULL,"0.015",NULL,"240.000","609","62","3","1","1","1","1","2","Juice","images/products/u/60m2t2hu5r07qe7.jpg"
"Minute Maid Tropical Punch","1.99","0.5 gal","2017-08-01 08:17:11",NULL,"110.000",NULL,"0.000",NULL,"0.000",NULL,"29.000",NULL,"0.015",NULL,"240.000","611","62","3","1","1","1","1","2","Juice","images/products/d/c4ldv1ie5mr5ai6.jpg"
"Monster Energy Drink - Low Carb","2.19","16 oz","2017-08-01 08:17:11",NULL,"25.000",NULL,"0.000",NULL,"0.000",NULL,"3.000",NULL,"0.180",NULL,"240.000","1803","58","3","1","1","1","1","2","Energy Drinks","images/products/n/gux0slle1dhs61q.jpg"
"Muscle Milk Protein Shake - Banana Cream 4 pk","8.75","4 ct","2017-08-01 08:17:11",NULL,"220.000",NULL,"11.000",NULL,"4.500",NULL,"5.000",NULL,"0.190",NULL,"330.000","1868","63","3","1","1","1","1","2","Nutritional","images/products/w/9vutj45hn1teiyr.jpg"
"Nestle Hot Cocoa Mix - Chocolate Mint","2.49","7.12 oz","2017-08-01 08:17:11",NULL,"100.000",NULL,"3.000",NULL,"2.000",NULL,"16.000",NULL,"0.190",NULL,"26.000","1697","55","3","1","1","1","1","1","Cocoa","images/products/t/3u16rn0xvkzjng6.jpg"
"Nestle Hot Cocoa Mix - Fat Free","2.99","2.25 oz","2017-08-01 08:17:11",NULL,"20.000",NULL,"0.000",NULL,"0.000",NULL,"4.000",NULL,"0.130",NULL,"20.000","1698","55","3","1","1","1","1","1","Cocoa","images/products/f/v8fy1x5rmhj61b5.jpg"
"Nestle Hot Cocoa Mix - Rich Chocolate","2.49","7.12 oz","2017-08-01 08:17:11",NULL,"80.000",NULL,"2.000",NULL,"2.000",NULL,"0.000",NULL,"0.180",NULL,"20.000","1699","55","3","1","1","1","1","1","Cocoa","images/products/y/kg73tnx0krnhixr.jpg"
"Nestle Hot Cocoa Mix - Rich Chocolate - Cannister","3.99","18.5 oz","2017-08-01 08:17:11",NULL,"80.000",NULL,"3.000",NULL,"2.000",NULL,"12.000",NULL,"0.180",NULL,"30.000","1705","55","3","1","1","1","1","2","Cocoa","images/products/p/rea31oxp7f40nah.jpg"
"Northland Cranberry Rasberry Juice","4.15","64 oz","2017-08-01 08:17:11",NULL,"110.000",NULL,"0.000",NULL,"0.000",NULL,"29.000",NULL,"0.035",NULL,"240.000","1846","62","3","1","1","1","1","2","Juice","images/products/q/f4p0g01r2nss4hl.jpg"
"Ocean Spray Cranberry Juice Cocktail","3.89","64 oz","2017-08-01 08:17:11",NULL,"110.000",NULL,"0.000",NULL,"0.000",NULL,"30.000",NULL,"0.035",NULL,"240.000","1847","62","3","1","1","1","1","2","Juice","images/products/5/stuiibwaejpc8bb.jpg"
"Ocean Spray Cranberry Juice Cocktail No Sugar Added","3.89","64 oz","2017-08-01 08:17:11",NULL,"110.000",NULL,"0.000",NULL,"0.000",NULL,"36.000",NULL,"0.050",NULL,"240.000","1848","62","3","1","1","1","1","2","Juice","images/products/j/oba4xd9e3pw6erm.jpg"
"Ocean Spray Ruby Red Grapefruit Juice - 1/2 Gal","4.19","64 oz","2017-08-01 08:17:11",NULL,"110.000",NULL,"0.000",NULL,"0.000",NULL,"28.000",NULL,"0.030",NULL,"240.000","1856","62","3","1","1","1","1","2","Juice","images/products/p/107esjmjdbgthah.jpg"
"Old Orchard Grape Lite - Healthy Balance Lo Carb","2.89","64 oz","2017-08-01 08:17:11",NULL,"25.000",NULL,"0.000",NULL,"0.000",NULL,"6.000",NULL,"0.005",NULL,"240.000","1853","62","3","1","1","1","1","2","Juice","images/products/v/hffj2sduybyckxn.jpg"
"Ovaltine Chocolate Mix","4.59","12 oz","2017-08-01 08:17:11",NULL,"40.000",NULL,"0.000",NULL,"0.000",NULL,"15.000",NULL,"0.115",NULL,"2.000","1795","57","3","1","1","1","1","12","Drink Mixes","images/products/7/twifua8kngcqzi9.jpg"
"Pepsi 12 oz - 12 pack","6.19","144 oz","2017-08-01 08:17:11",NULL,"150.000",NULL,"0.000",NULL,"0.000",NULL,"41.000",NULL,"0.030",NULL,"12.000","1899","64","3","1","1","1","1","25","Soda","images/products/p/99r5ffzejbbcumw.jpg"
"Pepsi 2 Liter","1.89","67.6 oz","2017-08-01 08:17:11",NULL,"150.000",NULL,"0.000",NULL,"0.000",NULL,"28.000",NULL,"0.020",NULL,"355.000","1897","64","3","1","1","1","1","2","Soda","images/products/s/rcf2m3rrs2abden.jpg"
"Pepsi Caffine Free 12 oz - 12 pack","6.19","144 oz","2017-08-01 08:17:11",NULL,"150.000",NULL,"0.000",NULL,"0.000",NULL,"41.000",NULL,"0.030",NULL,"12.000","1900","64","3","1","1","1","1","25","Soda","images/products/g/41hdkymhy0h9nla.jpg"
"Pepsi Caffine Free 2 Liter","1.89","67.6 oz","2017-08-01 08:17:11",NULL,"0.000",NULL,"0.000",NULL,"0.000",NULL,"0.000",NULL,"0.025",NULL,"355.000","1898","64","3","1","1","1","1","2","Soda","images/products/3/5aaeq90pc8wfay6.jpg"
"Pepsi Diet Caffine Free 12 oz - 12 pack","6.19","144 oz","2017-08-01 08:17:11",NULL,"0.000",NULL,"0.000",NULL,"0.000",NULL,"0.000",NULL,"0.040",NULL,"355.000","1901","64","3","1","1","1","1","2","Soda","images/products/5/xced5fpcuf8f16n.jpg"
"Pepsi Diet Cherry 12 oz - 12 pack","6.19","144 oz","2017-08-01 08:17:11",NULL,"0.000",NULL,"0.000",NULL,"0.000",NULL,"0.000",NULL,"0.035",NULL,"12.000","1902","64","3","1","1","1","1","25","Soda","images/products/j/nmjjkbramp5v24w.jpg"
"Pepsi Diet Cherry 2 L","1.89","67.6 oz","2017-08-01 08:17:11",NULL,"0.000",NULL,"0.000",NULL,"0.000",NULL,"0.000",NULL,"0.045",NULL,"12.000","1903","64","3","1","1","1","1","25","Soda","images/products/q/woza87a2l98jikj.jpg"
"Pepsi Wild Cherry 12 oz - 12 pack","6.19","144 oz","2017-08-01 08:17:11",NULL,"160.000",NULL,"0.000",NULL,"0.000",NULL,"42.000",NULL,"0.030",NULL,"1.000","1904","64","3","1","1","1","1","24","Soda","images/products/0/foxfl2w6e1l6enk.jpg"
"Pipp Xtra 12 oz - 12 pack","6.19","144 oz","2017-08-01 08:17:11",NULL,"0.000",NULL,"0.000",NULL,"0.000",NULL,"39.000",NULL,"0.040",NULL,"1.000","1906","64","3","1","1","1","1","24","Soda","images/products/i/uyqetl2rfr61tep.jpg"
"PowerAde Fruit Punch - 8 pack / 20 oz each","7.99","160 oz","2017-08-01 08:17:11",NULL,"130.000",NULL,"0.000",NULL,"0.000",NULL,"14.000",NULL,"0.100",NULL,"355.000","1954","65","3","1","1","1","1","2","Sports Drinks","images/products/5/zt3e96uucmd0ziu.jpg"
"PowerAde Orange - 8 pack / 20 oz each","7.99","160 oz","2017-08-01 08:17:11",NULL,"130.000",NULL,"0.000",NULL,"0.000",NULL,"14.000",NULL,"0.025",NULL,"355.000","1955","65","3","1","1","1","1","2","Sports Drinks","images/products/w/va3a5fe0h509g2b.jpg"
"PowerAde Zero Lemon Lime - 32 oz","1.79","32 oz","2017-08-01 08:17:11",NULL,"0.000",NULL,"0.000",NULL,"0.000",NULL,"0.000",NULL,"0.025",NULL,"240.000","1948","65","3","1","1","1","1","2","Sports Drinks","images/products/h/ok6mbjf7p31xphi.jpg"
"PowerAde Zero Orange - 32 oz","1.79","32 oz","2017-08-01 08:17:11",NULL,"0.000",NULL,"0.000",NULL,"0.000",NULL,"0.000",NULL,"0.025",NULL,"355.000","1949","65","3","1","1","1","1","2","Sports Drinks","images/products/4/goeycdlmzbpuemp.jpg"
"RC Cola 12 oz -12 pack","6.19","144 oz","2017-08-01 08:17:11",NULL,"110.000",NULL,"0.000",NULL,"0.000",NULL,"28.000",NULL,"0.030",NULL,"12.000","1905","64","3","1","1","1","1","25","Soda","images/products/x/knbyhymq8cpb17r.jpg"
"Red Bull 12 oz","2.89","12 oz","2017-08-01 08:17:11",NULL,"110.000",NULL,"0.000",NULL,"0.000",NULL,"27.000",NULL,"0.105",NULL,"1.000","1806","58","3","1","1","1","1","24","Energy Drinks","images/products/n/ie9flmea1dhbbit.jpg"
"Red Bull Sugar Free","2.19","8.3 oz","2017-08-01 08:17:11",NULL,"5.000",NULL,"0.000",NULL,"0.000",NULL,"0.000",NULL,"0.200",NULL,"1.000","1805","58","3","1","1","1","1","24","Energy Drinks","images/products/a/bjhybh4dmn8oaq0.jpg"
"Red Bull Sugar Free 12 oz","2.89","12 oz","2017-08-01 08:17:11",NULL,"5.000",NULL,"0.000",NULL,"0.000",NULL,"0.000",NULL,"0.210",NULL,"1.000","1807","58","3","1","1","1","1","24","Energy Drinks","images/products/6/fswsabzvorutkoh.jpg"
"Red Bull w/ Taurine","2.19","8.3 oz","2017-08-01 08:17:11",NULL,"110.000",NULL,"0.000",NULL,"0.000",NULL,"27.000",NULL,"0.105",NULL,"1.000","1804","58","3","1","1","1","1","24","Energy Drinks","images/products/e/lyx8on3ez7t0xn2.jpg"
"Red Rose English Breakfast Decaf - 40 count","3.49","40 count","2017-08-01 08:17:11",NULL,"0.000",NULL,"0.000",NULL,"0.000",NULL,"0.000",NULL,"0.000",NULL,"240.000","1968","66","3","1","1","1","1","2","Tea","images/products/e/ez4pzc22wyw98bc.jpg"
"Schweppes Diet Ginger Ale - 2 Liter","1.89","67.6 oz","2017-08-01 08:17:11",NULL,"0.000",NULL,"0.000",NULL,"0.000",NULL,"0.000",NULL,"0.075",NULL,"12.000","1917","64","3","1","1","1","1","25","Soda","images/products/o/yh4ds4zgphgd1gf.jpg"
"Schweppes Ginger Ale 12 oz - 12 pack","6.19","144 oz","2017-08-01 08:17:11",NULL,"120.000",NULL,"0.000",NULL,"0.000",NULL,"32.000",NULL,"0.060",NULL,"12.000","1916","64","3","1","1","1","1","25","Soda","images/products/3/5va351w9to890mr.jpg"
"Schweppes Ginger Ale 2 Liter","1.89","67.6 oz","2017-08-01 08:17:11",NULL,"90.000",NULL,"0.000",NULL,"0.000",NULL,"21.000",NULL,"0.040",NULL,"12.000","1915","64","3","1","1","1","1","25","Soda","images/products/w/opzccby7lvrq9sa.jpg"
"Seagrams Diet Ginger Ale - 12 oz - 12 pack","6.19","144 oz","2017-08-01 08:17:11",NULL,"0.000",NULL,"0.000",NULL,"0.000",NULL,"0.000",NULL,"0.057",NULL,"12.000","1919","64","3","1","1","1","1","25","Soda","images/products/v/0ckds7otjxye93h.jpg"
"Seagrams Diet Ginger Ale - 2 Liter","1.89","67.6 oz","2017-08-01 08:17:11",NULL,"0.000",NULL,"0.000",NULL,"0.000",NULL,"0.000",NULL,"0.035",NULL,"360.000","1918","64","3","1","1","1","1","2","Soda","images/products/5/6fulzwymgwu1t2j.jpg"
"Seagrams Ginger Ale - 12 oz - 12 pack","6.19","144 oz","2017-08-01 08:17:11",NULL,"130.000",NULL,"0.000",NULL,"0.000",NULL,"35.000",NULL,"0.035",NULL,"12.000","1920","64","3","1","1","1","1","25","Soda","images/products/v/s8v1pzvhm2yoo9q.jpg"
"Silk Soy Creamer - French Vanilla","2.15","16 oz","2017-08-01 08:17:11",NULL,"63.000",NULL,"2.000",NULL,"0.000",NULL,"0.000",NULL,"0.286",NULL,"15.000","1718","56","3","1","1","1","1","2","Coffee","images/products/s/67cck9fu47rdaaq.jpg"
"Silk Soy Creamer - Plain","2.15","16 oz","2017-08-01 08:17:11",NULL,"20.000",NULL,"1.500",NULL,"0.500",NULL,"1.000",NULL,"0.000",NULL,"15.000","1717","56","3","1","1","1","1","2","Coffee","images/products/z/hi4khpdwjsp79o2.jpg"
"Simply Apple","3.79","0.5 gal","2017-08-01 08:17:11",NULL,"120.000",NULL,"0.000",NULL,"0.000",NULL,"28.000",NULL,"0.005",NULL,"240.000","589","62","3","1","1","1","1","2","Juice","images/products/i/u81dncmhjs2qvth.jpg"
"Simply Grapefruit","3.79","0.5 gal","2017-08-01 08:17:11",NULL,"100.000",NULL,"0.000",NULL,"0.000",NULL,"18.000",NULL,"0.010",NULL,"240.000","591","62","3","1","1","1","1","2","Juice","images/products/f/x1sq8f6dk03afe7.jpg"
"Simply Lemonade","2.99","0.5 gal","2017-08-01 08:17:11",NULL,"120.000",NULL,"0.000",NULL,"0.000",NULL,"28.000",NULL,"0.015",NULL,"240.000","590","62","3","1","1","1","1","2","Juice","images/products/d/4nskv78ffm4s626.jpg"
"Simply Natural Lemonade","2.99","59.17 oz","2017-08-01 08:17:11",NULL,"120.000",NULL,"0.000",NULL,"0.000",NULL,"28.000",NULL,"0.015",NULL,"240.000","1858","62","3","1","1","1","1","2","Juice","images/products/r/7tymdelkittb0vc.jpg"
"Simply Orange","3.79","0.5 gal","2017-08-01 08:17:11",NULL,"110.000",NULL,"0.000",NULL,"0.000",NULL,"22.000",NULL,"0.000",NULL,"240.000","586","62","3","1","1","1","1","2","Juice","images/products/w/yasb5bgn06tu026.jpg"
"Simply Orange Juice (1/2 Gal)","4.19","64 oz","2017-08-01 08:17:11",NULL,"110.000",NULL,"0.000",NULL,"0.000",NULL,"22.000",NULL,"0.000",NULL,"110.000","1863","62","3","1","1","1","1","2","Juice","images/products/2/39ctvl3166fgi4d.jpg"
"Simply Orange w/ Mango","3.79","0.5 gal","2017-08-01 08:17:11",NULL,"120.000",NULL,"0.000",NULL,"0.000",NULL,"25.000",NULL,"0.000",NULL,"240.000","587","62","3","1","1","1","1","2","Juice","images/products/c/u2foi6kju70s00e.jpg"
"Simply Orange w/ Pineapple","3.79","0.5 gal","2017-08-01 08:17:11",NULL,"110.000",NULL,"0.000",NULL,"0.000",NULL,"24.000",NULL,"0.000",NULL,"240.000","588","62","3","1","1","1","1","2","Juice","images/products/g/1fykcto97yuwrzy.jpg"
"Snapple Lemon Iced Tea","14.99","192 oz","2017-08-01 08:17:11",NULL,"40.000",NULL,"0.000",NULL,"0.000",NULL,"8.000",NULL,"0.000",NULL,"1.000","1826","60","3","1","1","1","1","26","Iced Tea","images/products/8/3w96yakzjzzly9a.jpg"
"Snapple Peach Iced Tea 12 pack","14.99","192 oz","2017-08-01 08:17:11",NULL,"50.000",NULL,"0.000",NULL,"0.000",NULL,"11.000",NULL,"0.000",NULL,"1.000","1825","60","3","1","1","1","1","26","Iced Tea","images/products/w/cde1kfa8kxr18l5.jpg"
"Sobe Blizzard Pina Colada - 20 oz","1.69","20 oz","2017-08-01 08:17:11",NULL,"250.000",NULL,"1.000",NULL,"0.000",NULL,"31.000",NULL,"0.050",NULL,"591.000","1808","59","3","1","1","1","1","2","Flavored Drinks","images/products/t/y1n6wqiifmz6j8d.jpg"
"Sobe Lizzard Lava (Strawberry Daquiri)","1.69","20 oz","2017-08-01 08:17:11",NULL,"250.000",NULL,"1.000",NULL,"0.000",NULL,"30.000",NULL,"0.030",NULL,"591.000","1809","59","3","1","1","1","1","2","Flavored Drinks","images/products/d/szglytmr2fjx1wy.jpg"
"Sobe Tsunami (Orange Crème)","1.69","20 oz","2017-08-01 08:17:11",NULL,"250.000",NULL,"1.000",NULL,"0.500",NULL,"60.000",NULL,"0.055",NULL,"591.000","1810","59","3","1","1","1","1","2","Flavored Drinks","images/products/7/8lytnlmgv9eru0e.jpg"
"Sprite 12 oz - 12 pack","6.19","144 oz","2017-08-01 08:17:11",NULL,"140.000",NULL,"0.000",NULL,"0.000",NULL,"38.000",NULL,"0.065",NULL,"12.000","1929","64","3","1","1","1","1","25","Soda","images/products/p/rrdl3kqvlxprw52.jpg"
"Sprite Zero 12 oz - 12 pack","6.19","144 oz","2017-08-01 08:17:11",NULL,"0.000",NULL,"0.000",NULL,"0.000",NULL,"0.000",NULL,"0.035",NULL,"12.000","1930","64","3","1","1","1","1","25","Soda","images/products/t/fv11z66ou27umw5.jpg"
"Sprite Zero 2 Liter","2.19","67.5 oz","2017-08-01 08:17:11",NULL,"0.000",NULL,"0.000",NULL,"0.000",NULL,"0.000",NULL,"0.025",NULL,"8.000","1931","64","3","1","1","1","1","25","Soda","images/products/q/5ywbpi4wnw4fwl8.jpg"
"Starbucks Coffee - Bold Ground Caffe Verona","8.99","12 oz","2017-08-01 08:17:11",NULL,"0.000",NULL,"0.000",NULL,"0.000",NULL,"0.000",NULL,"0.000",NULL,"1.000","1757","56","3","1","1","1","1","7","Coffee","images/products/m/eu320ivw53smgkx.jpg"
"Starbucks Coffee - Bold Ground Espresso Roast","8.99","12 oz","2017-08-01 08:17:11",NULL,"0.000",NULL,"0.000",NULL,"0.000",NULL,"0.000",NULL,"0.000",NULL,"1.000","1758","56","3","1","1","1","1","7","Coffee","images/products/6/v1238dx056dsbs9.jpg"
"Starbucks Coffee - Ground Decaf Caffe Verona","9.49","12 oz","2017-08-01 08:17:11",NULL,"0.000",NULL,"0.000",NULL,"0.000",NULL,"0.000",NULL,"0.000",NULL,"1.000","1759","56","3","1","1","1","1","7","Coffee","images/products/t/m45f2dztigzbtjp.jpg"
"Starbucks Coffee - Whole Bean French Roast Extra Bold","8.99","12 oz","2017-08-01 08:17:11",NULL,"1.000",NULL,"0.000",NULL,"0.000",NULL,"0.000",NULL,"0.005",NULL,"1.000","1778","56","3","1","1","1","1","7","Coffee","images/products/u/x43gfnt6eam1w8d.jpg"
"Starbucks Coffee - Whole Bean House Medium","8.99","12 oz","2017-08-01 08:17:11",NULL,"1.000",NULL,"0.000",NULL,"0.000",NULL,"0.000",NULL,"0.005",NULL,"1.000","1777","56","3","1","1","1","1","7","Coffee","images/products/2/hsqjlsivryyeoev.jpg"
"Starbucks Coffee Drink - Doubleshot Espresso & Cream (4 pk of 6.","7.69","26 oz","2017-08-01 08:17:11",NULL,"140.000",NULL,"6.000",NULL,"3.500",NULL,"17.000",NULL,"0.070",NULL,"192.000","1723","56","3","1","1","1","1","2","Coffee","images/products/0/tgrixcqic3531o4.jpg"
"Starbucks Coffee Drink - Frappuccino (4 pack - 9.5 oz bottles)","3.99","38 oz","2017-08-01 08:17:11",NULL,"180.000",NULL,"3.000",NULL,"4.000",NULL,"31.000",NULL,"0.095",NULL,"192.000","1722","56","3","1","1","1","1","2","Coffee","images/products/c/bxl4imhsoqm183b.jpg"
"Sunny D - Orange flavored Citrus Punch","1.89","64 oz","2017-08-01 08:17:11",NULL,"50.000",NULL,"0.000",NULL,"0.000",NULL,"20.000",NULL,"0.170",NULL,"240.000","1864","62","3","1","1","1","1","2","Juice","images/products/x/3bus63kbxci2tdh.jpg"
"Sunny D Citrus Punch","3.29","1 gal","2017-08-01 08:17:11",NULL,"50.000",NULL,"0.000",NULL,"0.000",NULL,"14.000",NULL,"0.170",NULL,"240.000","606","62","3","1","1","1","1","2","Juice","images/products/y/b3r6sdngtl97709.jpg"
"Sunny D Citrus Punch w/ Pineapple","3.29","1 gal","2017-08-01 08:17:11",NULL,"60.000",NULL,"0.000",NULL,"0.000",NULL,"14.000",NULL,"0.135",NULL,"240.000","607","62","3","1","1","1","1","2","Juice","images/products/3/ywy569sp5pjyj9t.jpg"
"Sunny D Citrus Punch w/ Strawberry","3.29","1 gal","2017-08-01 08:17:11",NULL,"60.000",NULL,"0.000",NULL,"0.000",NULL,"14.000",NULL,"0.135",NULL,"240.000","608","62","3","1","1","1","1","2","Juice","images/products/e/unqb0kak8nyjsh3.jpg"
"Swiss Miss Hot Cocoa Mix - Marshmallow Lovers","2.99","8 oz","2017-08-01 08:17:11",NULL,"140.000",NULL,"2.500",NULL,"2.000",NULL,"21.000",NULL,"0.160",NULL,"34.000","1703","55","3","1","1","1","1","1","Cocoa","images/products/k/84asizpwtfr3e5l.jpg"
"Swiss Miss Hot Cocoa Mix - Marshmallow Lovers Fat Free","2.99","8 oz","2017-08-01 08:17:11",NULL,"110.000",NULL,"2.000",NULL,"1.500",NULL,"15.000",NULL,"0.150",NULL,"1.000","1702","55","3","1","1","1","1","33","Cocoa","images/products/1/mab75mvlvdb14pc.jpg"
"Swiss Miss Hot Cocoa Mix - Milk Chocolate","2.00","10 oz","2017-08-01 08:17:11",NULL,"90.000",NULL,"2.000",NULL,"2.000",NULL,"17.000",NULL,"0.240",NULL,"1.000","1701","55","3","1","1","1","1","33","Cocoa","images/products/h/hauevnbm7pjieco.jpg"
"Swiss Miss Hot Cocoa Mix - Milk Chocolate - No Sugar Added","2.99","8 oz","2017-08-01 08:17:11",NULL,"60.000",NULL,"1.000",NULL,"1.000",NULL,"0.000",NULL,"0.170",NULL,"16.000","1700","55","3","1","1","1","1","1","Cocoa","images/products/z/k4rgz7f1vf73yrg.jpg"
"Swiss Miss Hot Cocoa Mix - Milk Chocolate & Marshmallows Cannist","5.49","26 oz","2017-08-01 08:17:11",NULL,"70.000",NULL,"1.500",NULL,"1.500",NULL,"10.000",NULL,"0.115",NULL,"2.000","1704","55","3","1","1","1","1","12","Cocoa","images/products/i/ruu1iyowgng4k49.jpg"
"Tang Drink Mix - Orange","3.85","20 oz","2017-08-01 08:17:11",NULL,"90.000",NULL,"0.000",NULL,"0.000",NULL,"22.000",NULL,"0.035",NULL,"24.000","1796","57","3","1","1","1","1","1","Drink Mixes","images/products/t/p64mit1taxmndw6.jpg"
"Taza Zen Green Tea - 20 count","4.59","20 count","2017-08-01 08:17:11",NULL,"0.000",NULL,"0.000",NULL,"0.000",NULL,"0.000",NULL,"0.000",NULL,"240.000","1973","66","3","1","1","1","1","2","Tea","images/products/6/zu7q8qdqrex0uuk.jpg"
"Tazo Black Tea - Awake","4.59","20 count","2017-08-01 08:17:11",NULL,"0.000",NULL,"0.000",NULL,"0.000",NULL,"0.000",NULL,"0.000",NULL,"240.000","1960","66","3","1","1","1","1","2","Tea","images/products/r/s85qhka4riacbuh.jpg"
"Tazo Herbal Tea - Calm","4.59","20 count","2017-08-01 08:17:11",NULL,"2.400",NULL,"0.000",NULL,"0.000",NULL,"0.000",NULL,"0.002",NULL,"1.000","1978","66","3","1","1","1","1","7","Tea","images/products/o/2xa55eobp3per98.jpg"
"Tetley Tea Bags - English Blend - 80 count","3.65","80 count","2017-08-01 08:17:11",NULL,"0.000",NULL,"0.000",NULL,"0.000",NULL,"0.000",NULL,"0.000",NULL,"240.000","1983","66","3","1","1","1","1","2","Tea","images/products/3/dtol5xy9x48cg6m.jpg"
"Torani Caramel Flavoring Syrup","5.99","12.7 oz","2017-08-01 08:17:11",NULL,"0.000",NULL,"0.000",NULL,"0.000",NULL,"0.000",NULL,"0.000",NULL,"30.000","1766","56","3","1","1","1","1","2","Coffee","images/products/v/dbgkq1fd6i6k31h.jpg"
"Torani Flavoring Syrup - Hazelnut","5.99","12.7 oz","2017-08-01 08:17:11",NULL,"80.000",NULL,"0.000",NULL,"0.000",NULL,"19.000",NULL,"0.000",NULL,"2.000","1767","56","3","1","1","1","1",NULL,"Coffee","images/products/s/0p4n0q0qt0gsr5y.jpg"
"Tropicana Lemonade (1/2 gal)","1.79","64 oz","2017-08-01 08:17:11",NULL,"120.000",NULL,"0.000",NULL,"0.000",NULL,"28.000",NULL,"0.015",NULL,"240.000","1859","62","3","1","1","1","1","2","Juice","images/products/i/3cx9888ign2asg0.jpg"
"Tropicana Orange Juice - Lots of Pulp","3.49","0.5 gal","2017-08-01 08:17:11",NULL,"110.000",NULL,"0.000",NULL,"0.000",NULL,"22.000",NULL,"0.000",NULL,"240.000","595","62","3","1","1","1","1","2","Juice","images/products/a/viyni6rtudk093m.jpg"
"Tropicana Orange Juice - Lots of Pulp","5.29","1 gal","2017-08-01 08:17:11",NULL,"110.000",NULL,"0.000",NULL,"0.000",NULL,"22.000",NULL,"0.000",NULL,"240.000","593","62","3","1","1","1","1","2","Juice","images/products/7/c6ppvd8p3dp5jyd.jpg"
"Tropicana Orange Juice - No Pulp","5.29","1 gal","2017-08-01 08:17:11",NULL,"110.000",NULL,"0.000",NULL,"0.000",NULL,"22.000",NULL,"0.000",NULL,"240.000","592","62","3","1","1","1","1","2","Juice","images/products/l/92sjc0zuqha0x24.jpg"
"Tropicana Orange Juice - No Pulp","3.49","0.5 gal","2017-08-01 08:17:11",NULL,"110.000",NULL,"0.000",NULL,"0.000",NULL,"22.000",NULL,"0.000",NULL,"240.000","594","62","3","1","1","1","1","2","Juice","images/products/c/p7cd144zie4qqi3.jpg"
"Tropicana Peach Orchard Punch","3.49","0.5 gal","2017-08-01 08:17:11",NULL,"130.000",NULL,"0.000",NULL,"0.000",NULL,"30.000",NULL,"0.005",NULL,"250.000","596","62","3","1","1","1","1","2","Juice","images/products/3/r4hkjag6w80yos6.jpg"
"Tropicana Tropical Punch","3.49","0.5 gal","2017-08-01 08:17:11",NULL,"110.000",NULL,"0.000",NULL,"0.000",NULL,"25.000",NULL,"0.010",NULL,"240.000","597","62","3","1","1","1","1","2","Juice","images/products/y/amvjcfs2rny716r.jpg"
"Twinings - English Breakfast","3.49","20 count","2017-08-01 08:17:11",NULL,"0.000",NULL,"0.000",NULL,"0.000",NULL,"0.000",NULL,"0.000",NULL,"240.000","1963","66","3","1","1","1","1","2","Tea","images/products/d/icxpa347rbntieo.jpg"
"Two Leaves and a Bud - Organic Chamomile Flowers","7.99","20 count","2017-08-01 08:17:11",NULL,"2.400",NULL,"0.000",NULL,"0.000",NULL,"0.000",NULL,"0.002",NULL,"2.000","1979","66","3","1","1","1","1","7","Tea","images/products/t/gmpd192gvzvqdwv.jpg"
"Welchs Guava Pineapple Juice","1.79","0.5 gal","2017-08-01 08:17:11",NULL,"110.000",NULL,"0.000",NULL,"0.000",NULL,"26.000",NULL,"0.020",NULL,"240.000","616","62","3","1","1","1","1","2","Juice","images/products/c/eb77cf95z044dmo.jpg"
"Welchs Mango Twist","1.79","0.5 gal","2017-08-01 08:17:11",NULL,"110.000",NULL,"0.000",NULL,"0.000",NULL,"26.000",NULL,"0.010",NULL,"240.000","613","62","3","1","1","1","1","2","Juice","images/products/n/givocrxnml9e6u8.jpg"
"Welchs Passion Fruit Cocktail","1.79","0.5 gal","2017-08-01 08:17:11",NULL,"140.000",NULL,"0.000",NULL,"0.000",NULL,"35.000",NULL,"0.020",NULL,"240.000","615","62","3","1","1","1","1","2","Juice","images/products/q/j5vr2m3cpjq8zkr.jpg"
"Welchs Red Grape Juice - 1/2 Gallon","4.29","64 oz","2017-08-01 08:17:11",NULL,"140.000",NULL,"0.000",NULL,"0.000",NULL,"40.000",NULL,"0.120",NULL,"240.000","1852","62","3","1","1","1","1","2","Juice","images/products/v/m6ms5csnpnh2eki.jpg"
"Welchs Refrigerated Grape Juice","1.79","0.5 gal","2017-08-01 08:17:11",NULL,"170.000",NULL,"0.000",NULL,"0.000",NULL,"41.000",NULL,"0.020",NULL,"240.000","614","62","3","1","1","1","1","2","Juice","images/products/j/0c9yw4m7ahr1956.jpg"
"White House Apple Juice All Natural","2.99","64 oz","2017-08-01 08:17:11",NULL,"120.000",NULL,"0.000",NULL,"0.000",NULL,"26.000",NULL,"0.025",NULL,"240.000","1844","62","3","1","1","1","1","2","Juice","images/products/p/ticlylbkmhnt21y.jpg"
